model,n_items,k_conditions,Q,df,p
deepseek/deepseek-v4-flash,600,3,11.376470588235295,2,0.003385562222408586
google/gemma-4-26b-a4b-it,600,3,9.95,2,0.006908518939454531
