coder_id,manifesto,unit_id,sequence,code
kbenoit,GB,GB-001,1,000
kbenoit,GB,GB-002,2,000
kbenoit,GB,GB-003,3,305
kbenoit,GB,GB-004,4,305
kbenoit,GB,GB-005,5,305
kbenoit,GB,GB-006,6,305
kbenoit,GB,GB-007,7,410
kbenoit,GB,GB-008,8,410
kbenoit,GB,GB-009,9,410
kbenoit,GB,GB-010,10,403
kbenoit,GB,GB-011,11,401
kbenoit,GB,GB-012,12,305
kbenoit,GB,GB-013,13,410
kbenoit,GB,GB-014,14,606
kbenoit,GB,GB-015,15,605
kbenoit,GB,GB-016,16,411
kbenoit,GB,GB-017,17,606
kbenoit,GB,GB-018,18,606
kbenoit,GB,GB-019,19,606
kbenoit,GB,GB-020,20,606
kbenoit,GB,GB-021,21,607
kbenoit,GB,GB-022,22,503
kbenoit,GB,GB-023,23,410
kbenoit,GB,GB-024,24,305
kbenoit,GB,GB-025,25,409
kbenoit,GB,GB-026,26,410
kbenoit,GB,GB-027,27,410
kbenoit,GB,GB-028,28,410
kbenoit,GB,GB-029,29,410
kbenoit,GB,GB-030,30,410
kbenoit,GB,GB-031,31,606
kbenoit,GB,GB-032,32,605
kbenoit,GB,GB-033,33,403
kbenoit,GB,GB-034,34,305
kbenoit,GB,GB-035,35,305
kbenoit,GB,GB-036,36,000
kbenoit,GB,GB-037,37,409
kbenoit,GB,GB-038,38,409
kbenoit,GB,GB-039,39,504
kbenoit,GB,GB-040,40,305
kbenoit,GB,GB-041,41,404
kbenoit,GB,GB-042,42,410
kbenoit,GB,GB-043,43,409
kbenoit,GB,GB-044,44,409
kbenoit,GB,GB-045,45,407
kbenoit,GB,GB-046,46,305
kbenoit,GB,GB-047,47,606
kbenoit,GB,GB-048,48,305
kbenoit,GB,GB-049,49,405
kbenoit,GB,GB-050,50,405
kbenoit,GB,GB-051,51,405
kbenoit,GB,GB-052,52,405
kbenoit,GB,GB-053,53,405
kbenoit,GB,GB-054,54,405
kbenoit,GB,GB-055,55,405
kbenoit,GB,GB-056,56,411
kbenoit,GB,GB-057,57,411
kbenoit,GB,GB-058,58,403
kbenoit,GB,GB-059,59,405
kbenoit,GB,GB-060,60,405
kbenoit,GB,GB-061,61,405
kbenoit,GB,GB-062,62,405
kbenoit,GB,GB-063,63,405
kbenoit,GB,GB-064,64,403
kbenoit,GB,GB-065,65,405
kbenoit,GB,GB-066,66,405
kbenoit,GB,GB-067,67,405
kbenoit,GB,GB-068,68,403
kbenoit,GB,GB-069,69,403
kbenoit,GB,GB-070,70,403
kbenoit,GB,GB-071,71,411
kbenoit,GB,GB-072,72,411
kbenoit,GB,GB-073,73,410
kbenoit,GB,GB-074,74,411
kbenoit,GB,GB-075,75,410
kbenoit,GB,GB-076,76,411
kbenoit,GB,GB-077,77,411
kbenoit,GB,GB-078,78,402
kbenoit,GB,GB-079,79,404
kbenoit,GB,GB-080,80,403
kbenoit,GB,GB-081,81,405
kbenoit,GB,GB-082,82,402
kbenoit,GB,GB-083,83,402
kbenoit,GB,GB-084,84,402
kbenoit,GB,GB-085,85,402
kbenoit,GB,GB-086,86,402
kbenoit,GB,GB-087,87,402
kbenoit,GB,GB-088,88,404
kbenoit,GB,GB-089,89,403
kbenoit,GB,GB-090,90,403
kbenoit,GB,GB-091,91,403
kbenoit,GB,GB-092,92,703
kbenoit,GB,GB-093,93,410
kbenoit,GB,GB-094,94,703
kbenoit,GB,GB-095,95,703
kbenoit,GB,GB-096,96,703
kbenoit,GB,GB-097,97,703
kbenoit,GB,GB-098,98,703
kbenoit,GB,GB-099,99,411
kbenoit,GB,GB-100,100,411
kbenoit,GB,GB-101,101,411
kbenoit,GB,GB-102,102,411
kbenoit,GB,GB-103,103,411
kbenoit,GB,GB-104,104,411
kbenoit,GB,GB-105,105,411
kbenoit,GB,GB-106,106,411
kbenoit,GB,GB-107,107,411
mikhailv,GB,GB-001,1,000
mikhailv,GB,GB-002,2,000
mikhailv,GB,GB-003,3,305
mikhailv,GB,GB-004,4,305
mikhailv,GB,GB-005,5,202
mikhailv,GB,GB-006,6,305
mikhailv,GB,GB-007,7,305
mikhailv,GB,GB-008,8,305
mikhailv,GB,GB-009,9,701
mikhailv,GB,GB-010,10,403
mikhailv,GB,GB-011,11,403
mikhailv,GB,GB-012,12,305
mikhailv,GB,GB-013,13,405
mikhailv,GB,GB-014,14,606
mikhailv,GB,GB-015,15,605
mikhailv,GB,GB-016,16,305
mikhailv,GB,GB-017,17,305
mikhailv,GB,GB-018,18,606
mikhailv,GB,GB-019,19,606
mikhailv,GB,GB-020,20,305
mikhailv,GB,GB-021,21,405
mikhailv,GB,GB-022,22,202
mikhailv,GB,GB-023,23,305
mikhailv,GB,GB-024,24,305
mikhailv,GB,GB-025,25,701
mikhailv,GB,GB-026,26,701
mikhailv,GB,GB-027,27,701
mikhailv,GB,GB-028,28,701
mikhailv,GB,GB-029,29,410
mikhailv,GB,GB-030,30,410
mikhailv,GB,GB-031,31,606
mikhailv,GB,GB-032,32,605
mikhailv,GB,GB-033,33,405
mikhailv,GB,GB-034,34,403
mikhailv,GB,GB-035,35,305
mikhailv,GB,GB-036,36,414
mikhailv,GB,GB-037,37,305
mikhailv,GB,GB-038,38,403
mikhailv,GB,GB-039,39,701
mikhailv,GB,GB-040,40,305
mikhailv,GB,GB-041,41,305
mikhailv,GB,GB-042,42,410
mikhailv,GB,GB-043,43,410
mikhailv,GB,GB-044,44,402
mikhailv,GB,GB-045,45,305
mikhailv,GB,GB-046,46,305
mikhailv,GB,GB-047,47,606
mikhailv,GB,GB-048,48,702
mikhailv,GB,GB-049,49,405
mikhailv,GB,GB-050,50,503
mikhailv,GB,GB-051,51,606
mikhailv,GB,GB-052,52,606
mikhailv,GB,GB-053,53,606
mikhailv,GB,GB-054,54,606
mikhailv,GB,GB-055,55,606
mikhailv,GB,GB-056,56,411
mikhailv,GB,GB-057,57,506
mikhailv,GB,GB-058,58,403
mikhailv,GB,GB-059,59,405
mikhailv,GB,GB-060,60,405
mikhailv,GB,GB-061,61,405
mikhailv,GB,GB-062,62,503
mikhailv,GB,GB-063,63,702
mikhailv,GB,GB-064,64,305
mikhailv,GB,GB-065,65,405
mikhailv,GB,GB-066,66,402
mikhailv,GB,GB-067,67,408
mikhailv,GB,GB-068,68,408
mikhailv,GB,GB-069,69,405
mikhailv,GB,GB-070,70,405
mikhailv,GB,GB-071,71,408
mikhailv,GB,GB-072,72,402
mikhailv,GB,GB-073,73,402
mikhailv,GB,GB-074,74,411
mikhailv,GB,GB-075,75,411
mikhailv,GB,GB-076,76,409
mikhailv,GB,GB-077,77,411
mikhailv,GB,GB-078,78,402
mikhailv,GB,GB-079,79,303
mikhailv,GB,GB-080,80,303
mikhailv,GB,GB-081,81,414
mikhailv,GB,GB-082,82,303
mikhailv,GB,GB-083,83,402
mikhailv,GB,GB-084,84,402
mikhailv,GB,GB-085,85,402
mikhailv,GB,GB-086,86,402
mikhailv,GB,GB-087,87,402
mikhailv,GB,GB-088,88,303
mikhailv,GB,GB-089,89,303
mikhailv,GB,GB-090,90,402
mikhailv,GB,GB-091,91,402
mikhailv,GB,GB-092,92,703
mikhailv,GB,GB-093,93,703
mikhailv,GB,GB-094,94,408
mikhailv,GB,GB-095,95,402
mikhailv,GB,GB-096,96,402
mikhailv,GB,GB-097,97,703
mikhailv,GB,GB-098,98,703
mikhailv,GB,GB-099,99,506
mikhailv,GB,GB-100,100,506
mikhailv,GB,GB-101,101,506
mikhailv,GB,GB-102,102,506
mikhailv,GB,GB-103,103,506
mikhailv,GB,GB-104,104,411
mikhailv,GB,GB-105,105,411
mikhailv,GB,GB-106,106,506
mikhailv,GB,GB-107,107,506
daublert,GB,GB-001,1,000
daublert,GB,GB-002,2,606
daublert,GB,GB-003,3,606
daublert,GB,GB-004,4,305
daublert,GB,GB-005,5,606
daublert,GB,GB-006,6,606
daublert,GB,GB-007,7,410
daublert,GB,GB-008,8,410
daublert,GB,GB-009,9,701
daublert,GB,GB-010,10,305
daublert,GB,GB-011,11,305
daublert,GB,GB-012,12,305
daublert,GB,GB-013,13,606
daublert,GB,GB-014,14,606
daublert,GB,GB-015,15,606
daublert,GB,GB-016,16,305
daublert,GB,GB-017,17,606
daublert,GB,GB-018,18,606
daublert,GB,GB-019,19,606
daublert,GB,GB-020,20,606
daublert,GB,GB-021,21,606
daublert,GB,GB-022,22,305
daublert,GB,GB-023,23,408
daublert,GB,GB-024,24,408
daublert,GB,GB-025,25,701
daublert,GB,GB-026,26,701
daublert,GB,GB-027,27,701
daublert,GB,GB-028,28,701
daublert,GB,GB-029,29,410
daublert,GB,GB-030,30,410
daublert,GB,GB-031,31,701
daublert,GB,GB-032,32,701
daublert,GB,GB-033,33,411
daublert,GB,GB-034,34,701
daublert,GB,GB-035,35,701
daublert,GB,GB-036,36,701
daublert,GB,GB-037,37,701
daublert,GB,GB-038,38,701
daublert,GB,GB-039,39,701
daublert,GB,GB-040,40,305
daublert,GB,GB-041,41,305
daublert,GB,GB-042,42,410
daublert,GB,GB-043,43,408
daublert,GB,GB-044,44,408
daublert,GB,GB-045,45,407
daublert,GB,GB-046,46,606
daublert,GB,GB-047,47,606
daublert,GB,GB-048,48,305
daublert,GB,GB-049,49,202
daublert,GB,GB-050,50,503
daublert,GB,GB-051,51,606
daublert,GB,GB-052,52,606
daublert,GB,GB-053,53,606
daublert,GB,GB-054,54,606
daublert,GB,GB-055,55,606
daublert,GB,GB-056,56,411
daublert,GB,GB-057,57,411
daublert,GB,GB-058,58,702
daublert,GB,GB-059,59,405
daublert,GB,GB-060,60,405
daublert,GB,GB-061,61,503
daublert,GB,GB-062,62,503
daublert,GB,GB-063,63,702
daublert,GB,GB-064,64,202
daublert,GB,GB-065,65,202
daublert,GB,GB-066,66,503
daublert,GB,GB-067,67,701
daublert,GB,GB-068,68,202
daublert,GB,GB-069,69,202
daublert,GB,GB-070,70,202
daublert,GB,GB-071,71,408
daublert,GB,GB-072,72,411
daublert,GB,GB-073,73,411
daublert,GB,GB-074,74,411
daublert,GB,GB-075,75,411
daublert,GB,GB-076,76,411
daublert,GB,GB-077,77,411
daublert,GB,GB-078,78,408
daublert,GB,GB-079,79,408
daublert,GB,GB-080,80,403
daublert,GB,GB-081,81,403
daublert,GB,GB-082,82,402
daublert,GB,GB-083,83,402
daublert,GB,GB-084,84,402
daublert,GB,GB-085,85,402
daublert,GB,GB-086,86,402
daublert,GB,GB-087,87,402
daublert,GB,GB-088,88,303
daublert,GB,GB-089,89,402
daublert,GB,GB-090,90,402
daublert,GB,GB-091,91,402
daublert,GB,GB-092,92,703
daublert,GB,GB-093,93,703
daublert,GB,GB-094,94,703
daublert,GB,GB-095,95,703
daublert,GB,GB-096,96,703
daublert,GB,GB-097,97,703
daublert,GB,GB-098,98,703
daublert,GB,GB-099,99,411
daublert,GB,GB-100,100,506
daublert,GB,GB-101,101,506
daublert,GB,GB-102,102,506
daublert,GB,GB-103,103,411
daublert,GB,GB-104,104,506
daublert,GB,GB-105,105,506
daublert,GB,GB-106,106,506
daublert,GB,GB-107,107,506
mcelroy,GB,GB-001,1,305
mcelroy,GB,GB-002,2,606
mcelroy,GB,GB-003,3,606
mcelroy,GB,GB-004,4,305
mcelroy,GB,GB-005,5,305
mcelroy,GB,GB-006,6,305
mcelroy,GB,GB-007,7,305
mcelroy,GB,GB-008,8,410
mcelroy,GB,GB-009,9,408
mcelroy,GB,GB-010,10,404
mcelroy,GB,GB-011,11,414
mcelroy,GB,GB-012,12,305
mcelroy,GB,GB-013,13,305
mcelroy,GB,GB-014,14,606
mcelroy,GB,GB-015,15,606
mcelroy,GB,GB-016,16,504
mcelroy,GB,GB-017,17,606
mcelroy,GB,GB-018,18,606
mcelroy,GB,GB-019,19,606
mcelroy,GB,GB-020,20,305
mcelroy,GB,GB-021,21,606
mcelroy,GB,GB-022,22,305
mcelroy,GB,GB-023,23,404
mcelroy,GB,GB-024,24,404
mcelroy,GB,GB-025,25,408
mcelroy,GB,GB-026,26,408
mcelroy,GB,GB-027,27,408
mcelroy,GB,GB-028,28,701
mcelroy,GB,GB-029,29,408
mcelroy,GB,GB-030,30,408
mcelroy,GB,GB-031,31,606
mcelroy,GB,GB-032,32,606
mcelroy,GB,GB-033,33,401
mcelroy,GB,GB-034,34,305
mcelroy,GB,GB-035,35,305
mcelroy,GB,GB-036,36,305
mcelroy,GB,GB-037,37,305
mcelroy,GB,GB-038,38,402
mcelroy,GB,GB-039,39,705
mcelroy,GB,GB-040,40,305
mcelroy,GB,GB-041,41,305
mcelroy,GB,GB-042,42,402
mcelroy,GB,GB-043,43,408
mcelroy,GB,GB-044,44,408
mcelroy,GB,GB-045,45,407
mcelroy,GB,GB-046,46,503
mcelroy,GB,GB-047,47,503
mcelroy,GB,GB-048,48,305
mcelroy,GB,GB-049,49,202
mcelroy,GB,GB-050,50,408
mcelroy,GB,GB-051,51,305
mcelroy,GB,GB-052,52,606
mcelroy,GB,GB-053,53,606
mcelroy,GB,GB-054,54,606
mcelroy,GB,GB-055,55,405
mcelroy,GB,GB-056,56,411
mcelroy,GB,GB-057,57,506
mcelroy,GB,GB-058,58,702
mcelroy,GB,GB-059,59,405
mcelroy,GB,GB-060,60,405
mcelroy,GB,GB-061,61,202
mcelroy,GB,GB-062,62,202
mcelroy,GB,GB-063,63,702
mcelroy,GB,GB-064,64,202
mcelroy,GB,GB-065,65,202
mcelroy,GB,GB-066,66,202
mcelroy,GB,GB-067,67,201
mcelroy,GB,GB-068,68,202
mcelroy,GB,GB-069,69,202
mcelroy,GB,GB-070,70,202
mcelroy,GB,GB-071,71,402
mcelroy,GB,GB-072,72,402
mcelroy,GB,GB-073,73,402
mcelroy,GB,GB-074,74,411
mcelroy,GB,GB-075,75,411
mcelroy,GB,GB-076,76,409
mcelroy,GB,GB-077,77,411
mcelroy,GB,GB-078,78,403
mcelroy,GB,GB-079,79,408
mcelroy,GB,GB-080,80,403
mcelroy,GB,GB-081,81,403
mcelroy,GB,GB-082,82,403
mcelroy,GB,GB-083,83,402
mcelroy,GB,GB-084,84,402
mcelroy,GB,GB-085,85,402
mcelroy,GB,GB-086,86,402
mcelroy,GB,GB-087,87,402
mcelroy,GB,GB-088,88,403
mcelroy,GB,GB-089,89,403
mcelroy,GB,GB-090,90,403
mcelroy,GB,GB-091,91,403
mcelroy,GB,GB-092,92,703
mcelroy,GB,GB-093,93,408
mcelroy,GB,GB-094,94,402
mcelroy,GB,GB-095,95,402
mcelroy,GB,GB-096,96,402
mcelroy,GB,GB-097,97,000
mcelroy,GB,GB-098,98,406
mcelroy,GB,GB-099,99,411
mcelroy,GB,GB-100,100,411
mcelroy,GB,GB-101,101,411
mcelroy,GB,GB-102,102,411
mcelroy,GB,GB-103,103,411
mcelroy,GB,GB-104,104,411
mcelroy,GB,GB-105,105,411
mcelroy,GB,GB-106,106,506
mcelroy,GB,GB-107,107,506
goreckim,GB,GB-001,1,606
goreckim,GB,GB-002,2,606
goreckim,GB,GB-003,3,606
goreckim,GB,GB-004,4,606
goreckim,GB,GB-005,5,606
goreckim,GB,GB-006,6,606
goreckim,GB,GB-007,7,403
goreckim,GB,GB-008,8,410
goreckim,GB,GB-009,9,503
goreckim,GB,GB-010,10,404
goreckim,GB,GB-011,11,407
goreckim,GB,GB-012,12,402
goreckim,GB,GB-013,13,405
goreckim,GB,GB-014,14,606
goreckim,GB,GB-015,15,605
goreckim,GB,GB-016,16,304
goreckim,GB,GB-017,17,606
goreckim,GB,GB-018,18,606
goreckim,GB,GB-019,19,606
goreckim,GB,GB-020,20,606
goreckim,GB,GB-021,21,405
goreckim,GB,GB-022,22,202
goreckim,GB,GB-023,23,403
goreckim,GB,GB-024,24,404
goreckim,GB,GB-025,25,408
goreckim,GB,GB-026,26,503
goreckim,GB,GB-027,27,503
goreckim,GB,GB-028,28,503
goreckim,GB,GB-029,29,303
goreckim,GB,GB-030,30,303
goreckim,GB,GB-031,31,606
goreckim,GB,GB-032,32,605
goreckim,GB,GB-033,33,407
goreckim,GB,GB-034,34,403
goreckim,GB,GB-035,35,408
goreckim,GB,GB-036,36,408
goreckim,GB,GB-037,37,408
goreckim,GB,GB-038,38,403
goreckim,GB,GB-039,39,503
goreckim,GB,GB-040,40,404
goreckim,GB,GB-041,41,404
goreckim,GB,GB-042,42,404
goreckim,GB,GB-043,43,403
goreckim,GB,GB-044,44,403
goreckim,GB,GB-045,45,407
goreckim,GB,GB-046,46,000
goreckim,GB,GB-047,47,606
goreckim,GB,GB-048,48,000
goreckim,GB,GB-049,49,405
goreckim,GB,GB-050,50,415
goreckim,GB,GB-051,51,415
goreckim,GB,GB-052,52,606
goreckim,GB,GB-053,53,606
goreckim,GB,GB-054,54,606
goreckim,GB,GB-055,55,415
goreckim,GB,GB-056,56,411
goreckim,GB,GB-057,57,506
goreckim,GB,GB-058,58,401
goreckim,GB,GB-059,59,405
goreckim,GB,GB-060,60,415
goreckim,GB,GB-061,61,405
goreckim,GB,GB-062,62,415
goreckim,GB,GB-063,63,405
goreckim,GB,GB-064,64,000
goreckim,GB,GB-065,65,405
goreckim,GB,GB-066,66,415
goreckim,GB,GB-067,67,415
goreckim,GB,GB-068,68,000
goreckim,GB,GB-069,69,405
goreckim,GB,GB-070,70,405
goreckim,GB,GB-071,71,402
goreckim,GB,GB-072,72,402
goreckim,GB,GB-073,73,402
goreckim,GB,GB-074,74,411
goreckim,GB,GB-075,75,411
goreckim,GB,GB-076,76,402
goreckim,GB,GB-077,77,411
goreckim,GB,GB-078,78,402
goreckim,GB,GB-079,79,404
goreckim,GB,GB-080,80,407
goreckim,GB,GB-081,81,401
goreckim,GB,GB-082,82,402
goreckim,GB,GB-083,83,402
goreckim,GB,GB-084,84,402
goreckim,GB,GB-085,85,402
goreckim,GB,GB-086,86,402
goreckim,GB,GB-087,87,402
goreckim,GB,GB-088,88,402
goreckim,GB,GB-089,89,402
goreckim,GB,GB-090,90,402
goreckim,GB,GB-091,91,402
goreckim,GB,GB-092,92,402
goreckim,GB,GB-093,93,402
goreckim,GB,GB-094,94,402
goreckim,GB,GB-095,95,402
goreckim,GB,GB-096,96,402
goreckim,GB,GB-097,97,402
goreckim,GB,GB-098,98,402
goreckim,GB,GB-099,99,506
goreckim,GB,GB-100,100,506
goreckim,GB,GB-101,101,506
goreckim,GB,GB-102,102,506
goreckim,GB,GB-103,103,506
goreckim,GB,GB-104,104,506
goreckim,GB,GB-105,105,506
goreckim,GB,GB-106,106,506
goreckim,GB,GB-107,107,506
mjenny,GB,GB-001,1,305
mjenny,GB,GB-002,2,305
mjenny,GB,GB-003,3,305
mjenny,GB,GB-004,4,305
mjenny,GB,GB-005,5,305
mjenny,GB,GB-006,6,305
mjenny,GB,GB-007,7,305
mjenny,GB,GB-008,8,408
mjenny,GB,GB-009,9,408
mjenny,GB,GB-010,10,409
mjenny,GB,GB-011,11,401
mjenny,GB,GB-012,12,305
mjenny,GB,GB-013,13,405
mjenny,GB,GB-014,14,606
mjenny,GB,GB-015,15,605
mjenny,GB,GB-016,16,411
mjenny,GB,GB-017,17,606
mjenny,GB,GB-018,18,606
mjenny,GB,GB-019,19,606
mjenny,GB,GB-020,20,606
mjenny,GB,GB-021,21,606
mjenny,GB,GB-022,22,202
mjenny,GB,GB-023,23,408
mjenny,GB,GB-024,24,408
mjenny,GB,GB-025,25,408
mjenny,GB,GB-026,26,408
mjenny,GB,GB-027,27,408
mjenny,GB,GB-028,28,408
mjenny,GB,GB-029,29,408
mjenny,GB,GB-030,30,408
mjenny,GB,GB-031,31,408
mjenny,GB,GB-032,32,408
mjenny,GB,GB-033,33,407
mjenny,GB,GB-034,34,412
mjenny,GB,GB-035,35,305
mjenny,GB,GB-036,36,408
mjenny,GB,GB-037,37,305
mjenny,GB,GB-038,38,404
mjenny,GB,GB-039,39,701
mjenny,GB,GB-040,40,404
mjenny,GB,GB-041,41,404
mjenny,GB,GB-042,42,402
mjenny,GB,GB-043,43,404
mjenny,GB,GB-044,44,404
mjenny,GB,GB-045,45,407
mjenny,GB,GB-046,46,606
mjenny,GB,GB-047,47,606
mjenny,GB,GB-048,48,407
mjenny,GB,GB-049,49,202
mjenny,GB,GB-050,50,408
mjenny,GB,GB-051,51,606
mjenny,GB,GB-052,52,606
mjenny,GB,GB-053,53,606
mjenny,GB,GB-054,54,606
mjenny,GB,GB-055,55,606
mjenny,GB,GB-056,56,411
mjenny,GB,GB-057,57,411
mjenny,GB,GB-058,58,407
mjenny,GB,GB-059,59,405
mjenny,GB,GB-060,60,405
mjenny,GB,GB-061,61,405
mjenny,GB,GB-062,62,405
mjenny,GB,GB-063,63,405
mjenny,GB,GB-064,64,405
mjenny,GB,GB-065,65,405
mjenny,GB,GB-066,66,405
mjenny,GB,GB-067,67,405
mjenny,GB,GB-068,68,405
mjenny,GB,GB-069,69,405
mjenny,GB,GB-070,70,405
mjenny,GB,GB-071,71,401
mjenny,GB,GB-072,72,402
mjenny,GB,GB-073,73,404
mjenny,GB,GB-074,74,411
mjenny,GB,GB-075,75,411
mjenny,GB,GB-076,76,411
mjenny,GB,GB-077,77,411
mjenny,GB,GB-078,78,401
mjenny,GB,GB-079,79,404
mjenny,GB,GB-080,80,403
mjenny,GB,GB-081,81,403
mjenny,GB,GB-082,82,401
mjenny,GB,GB-083,83,402
mjenny,GB,GB-084,84,402
mjenny,GB,GB-085,85,402
mjenny,GB,GB-086,86,402
mjenny,GB,GB-087,87,401
mjenny,GB,GB-088,88,402
mjenny,GB,GB-089,89,402
mjenny,GB,GB-090,90,402
mjenny,GB,GB-091,91,402
mjenny,GB,GB-092,92,703
mjenny,GB,GB-093,93,703
mjenny,GB,GB-094,94,703
mjenny,GB,GB-095,95,703
mjenny,GB,GB-096,96,703
mjenny,GB,GB-097,97,703
mjenny,GB,GB-098,98,703
mjenny,GB,GB-099,99,506
mjenny,GB,GB-100,100,506
mjenny,GB,GB-101,101,305
mjenny,GB,GB-102,102,506
mjenny,GB,GB-103,103,506
mjenny,GB,GB-104,104,506
mjenny,GB,GB-105,105,506
mjenny,GB,GB-106,106,506
mjenny,GB,GB-107,107,506
alex.baturo,GB,GB-001,1,606
alex.baturo,GB,GB-002,2,606
alex.baturo,GB,GB-003,3,606
alex.baturo,GB,GB-004,4,601
alex.baturo,GB,GB-005,5,202
alex.baturo,GB,GB-006,6,303
alex.baturo,GB,GB-007,7,606
alex.baturo,GB,GB-008,8,606
alex.baturo,GB,GB-009,9,606
alex.baturo,GB,GB-010,10,415
alex.baturo,GB,GB-011,11,414
alex.baturo,GB,GB-012,12,606
alex.baturo,GB,GB-013,13,405
alex.baturo,GB,GB-014,14,606
alex.baturo,GB,GB-015,15,606
alex.baturo,GB,GB-016,16,606
alex.baturo,GB,GB-017,17,606
alex.baturo,GB,GB-018,18,606
alex.baturo,GB,GB-019,19,606
alex.baturo,GB,GB-020,20,606
alex.baturo,GB,GB-021,21,405
alex.baturo,GB,GB-022,22,202
alex.baturo,GB,GB-023,23,409
alex.baturo,GB,GB-024,24,405
alex.baturo,GB,GB-025,25,409
alex.baturo,GB,GB-026,26,409
alex.baturo,GB,GB-027,27,409
alex.baturo,GB,GB-028,28,409
alex.baturo,GB,GB-029,29,606
alex.baturo,GB,GB-030,30,606
alex.baturo,GB,GB-031,31,606
alex.baturo,GB,GB-032,32,606
alex.baturo,GB,GB-033,33,405
alex.baturo,GB,GB-034,34,408
alex.baturo,GB,GB-035,35,404
alex.baturo,GB,GB-036,36,404
alex.baturo,GB,GB-037,37,404
alex.baturo,GB,GB-038,38,409
alex.baturo,GB,GB-039,39,409
alex.baturo,GB,GB-040,40,402
alex.baturo,GB,GB-041,41,404
alex.baturo,GB,GB-042,42,402
alex.baturo,GB,GB-043,43,409
alex.baturo,GB,GB-044,44,402
alex.baturo,GB,GB-045,45,407
alex.baturo,GB,GB-046,46,606
alex.baturo,GB,GB-047,47,606
alex.baturo,GB,GB-048,48,606
alex.baturo,GB,GB-049,49,405
alex.baturo,GB,GB-050,50,405
alex.baturo,GB,GB-051,51,606
alex.baturo,GB,GB-052,52,606
alex.baturo,GB,GB-053,53,606
alex.baturo,GB,GB-054,54,606
alex.baturo,GB,GB-055,55,405
alex.baturo,GB,GB-056,56,411
alex.baturo,GB,GB-057,57,506
alex.baturo,GB,GB-058,58,403
alex.baturo,GB,GB-059,59,405
alex.baturo,GB,GB-060,60,405
alex.baturo,GB,GB-061,61,405
alex.baturo,GB,GB-062,62,402
alex.baturo,GB,GB-063,63,702
alex.baturo,GB,GB-064,64,405
alex.baturo,GB,GB-065,65,405
alex.baturo,GB,GB-066,66,405
alex.baturo,GB,GB-067,67,405
alex.baturo,GB,GB-068,68,405
alex.baturo,GB,GB-069,69,405
alex.baturo,GB,GB-070,70,405
alex.baturo,GB,GB-071,71,401
alex.baturo,GB,GB-072,72,411
alex.baturo,GB,GB-073,73,411
alex.baturo,GB,GB-074,74,411
alex.baturo,GB,GB-075,75,411
alex.baturo,GB,GB-076,76,411
alex.baturo,GB,GB-077,77,411
alex.baturo,GB,GB-078,78,401
alex.baturo,GB,GB-079,79,303
alex.baturo,GB,GB-080,80,303
alex.baturo,GB,GB-081,81,401
alex.baturo,GB,GB-082,82,401
alex.baturo,GB,GB-083,83,401
alex.baturo,GB,GB-084,84,401
alex.baturo,GB,GB-085,85,401
alex.baturo,GB,GB-086,86,402
alex.baturo,GB,GB-087,87,412
alex.baturo,GB,GB-088,88,405
alex.baturo,GB,GB-089,89,401
alex.baturo,GB,GB-090,90,401
alex.baturo,GB,GB-091,91,401
alex.baturo,GB,GB-092,92,703
alex.baturo,GB,GB-093,93,703
alex.baturo,GB,GB-094,94,404
alex.baturo,GB,GB-095,95,406
alex.baturo,GB,GB-096,96,703
alex.baturo,GB,GB-097,97,703
alex.baturo,GB,GB-098,98,703
alex.baturo,GB,GB-099,99,411
alex.baturo,GB,GB-100,100,506
alex.baturo,GB,GB-101,101,411
alex.baturo,GB,GB-102,102,506
alex.baturo,GB,GB-103,103,506
alex.baturo,GB,GB-104,104,506
alex.baturo,GB,GB-105,105,506
alex.baturo,GB,GB-106,106,506
alex.baturo,GB,GB-107,107,506
pr9,GB,GB-001,1,000
pr9,GB,GB-002,2,000
pr9,GB,GB-003,3,407
pr9,GB,GB-004,4,000
pr9,GB,GB-005,5,202
pr9,GB,GB-006,6,606
pr9,GB,GB-007,7,408
pr9,GB,GB-008,8,408
pr9,GB,GB-009,9,408
pr9,GB,GB-010,10,408
pr9,GB,GB-011,11,408
pr9,GB,GB-012,12,408
pr9,GB,GB-013,13,405
pr9,GB,GB-014,14,408
pr9,GB,GB-015,15,605
pr9,GB,GB-016,16,605
pr9,GB,GB-017,17,606
pr9,GB,GB-018,18,606
pr9,GB,GB-019,19,606
pr9,GB,GB-020,20,606
pr9,GB,GB-021,21,405
pr9,GB,GB-022,22,303
pr9,GB,GB-023,23,303
pr9,GB,GB-024,24,405
pr9,GB,GB-025,25,408
pr9,GB,GB-026,26,408
pr9,GB,GB-027,27,408
pr9,GB,GB-028,28,408
pr9,GB,GB-029,29,408
pr9,GB,GB-030,30,408
pr9,GB,GB-031,31,606
pr9,GB,GB-032,32,605
pr9,GB,GB-033,33,405
pr9,GB,GB-034,34,405
pr9,GB,GB-035,35,405
pr9,GB,GB-036,36,414
pr9,GB,GB-037,37,414
pr9,GB,GB-038,38,409
pr9,GB,GB-039,39,504
pr9,GB,GB-040,40,000
pr9,GB,GB-041,41,000
pr9,GB,GB-042,42,414
pr9,GB,GB-043,43,404
pr9,GB,GB-044,44,409
pr9,GB,GB-045,45,414
pr9,GB,GB-046,46,606
pr9,GB,GB-047,47,606
pr9,GB,GB-048,48,405
pr9,GB,GB-049,49,405
pr9,GB,GB-050,50,405
pr9,GB,GB-051,51,405
pr9,GB,GB-052,52,606
pr9,GB,GB-053,53,606
pr9,GB,GB-054,54,606
pr9,GB,GB-055,55,405
pr9,GB,GB-056,56,411
pr9,GB,GB-057,57,506
pr9,GB,GB-058,58,414
pr9,GB,GB-059,59,405
pr9,GB,GB-060,60,405
pr9,GB,GB-061,61,405
pr9,GB,GB-062,62,405
pr9,GB,GB-063,63,202
pr9,GB,GB-064,64,405
pr9,GB,GB-065,65,405
pr9,GB,GB-066,66,405
pr9,GB,GB-067,67,405
pr9,GB,GB-068,68,405
pr9,GB,GB-069,69,405
pr9,GB,GB-070,70,405
pr9,GB,GB-071,71,412
pr9,GB,GB-072,72,412
pr9,GB,GB-073,73,411
pr9,GB,GB-074,74,411
pr9,GB,GB-075,75,411
pr9,GB,GB-076,76,409
pr9,GB,GB-077,77,411
pr9,GB,GB-078,78,404
pr9,GB,GB-079,79,412
pr9,GB,GB-080,80,414
pr9,GB,GB-081,81,414
pr9,GB,GB-082,82,404
pr9,GB,GB-083,83,404
pr9,GB,GB-084,84,404
pr9,GB,GB-085,85,404
pr9,GB,GB-086,86,404
pr9,GB,GB-087,87,404
pr9,GB,GB-088,88,404
pr9,GB,GB-089,89,404
pr9,GB,GB-090,90,404
pr9,GB,GB-091,91,404
pr9,GB,GB-092,92,703
pr9,GB,GB-093,93,703
pr9,GB,GB-094,94,703
pr9,GB,GB-095,95,703
pr9,GB,GB-096,96,703
pr9,GB,GB-097,97,703
pr9,GB,GB-098,98,703
pr9,GB,GB-099,99,506
pr9,GB,GB-100,100,506
pr9,GB,GB-101,101,506
pr9,GB,GB-102,102,506
pr9,GB,GB-103,103,506
pr9,GB,GB-104,104,506
pr9,GB,GB-105,105,506
pr9,GB,GB-106,106,506
pr9,GB,GB-107,107,506
jonathan.slapin,GB,GB-001,1,202
jonathan.slapin,GB,GB-002,2,408
jonathan.slapin,GB,GB-003,3,202
jonathan.slapin,GB,GB-004,4,202
jonathan.slapin,GB,GB-005,5,202
jonathan.slapin,GB,GB-006,6,202
jonathan.slapin,GB,GB-007,7,410
jonathan.slapin,GB,GB-008,8,410
jonathan.slapin,GB,GB-009,9,410
jonathan.slapin,GB,GB-010,10,404
jonathan.slapin,GB,GB-011,11,404
jonathan.slapin,GB,GB-012,12,404
jonathan.slapin,GB,GB-013,13,404
jonathan.slapin,GB,GB-014,14,605
jonathan.slapin,GB,GB-015,15,605
jonathan.slapin,GB,GB-016,16,606
jonathan.slapin,GB,GB-017,17,606
jonathan.slapin,GB,GB-018,18,606
jonathan.slapin,GB,GB-019,19,606
jonathan.slapin,GB,GB-020,20,606
jonathan.slapin,GB,GB-021,21,606
jonathan.slapin,GB,GB-022,22,303
jonathan.slapin,GB,GB-023,23,404
jonathan.slapin,GB,GB-024,24,404
jonathan.slapin,GB,GB-025,25,409
jonathan.slapin,GB,GB-026,26,409
jonathan.slapin,GB,GB-027,27,409
jonathan.slapin,GB,GB-028,28,409
jonathan.slapin,GB,GB-029,29,409
jonathan.slapin,GB,GB-030,30,409
jonathan.slapin,GB,GB-031,31,409
jonathan.slapin,GB,GB-032,32,409
jonathan.slapin,GB,GB-033,33,409
jonathan.slapin,GB,GB-034,34,409
jonathan.slapin,GB,GB-035,35,409
jonathan.slapin,GB,GB-036,36,409
jonathan.slapin,GB,GB-037,37,409
jonathan.slapin,GB,GB-038,38,409
jonathan.slapin,GB,GB-039,39,504
jonathan.slapin,GB,GB-040,40,410
jonathan.slapin,GB,GB-041,41,410
jonathan.slapin,GB,GB-042,42,410
jonathan.slapin,GB,GB-043,43,410
jonathan.slapin,GB,GB-044,44,410
jonathan.slapin,GB,GB-045,45,407
jonathan.slapin,GB,GB-046,46,404
jonathan.slapin,GB,GB-047,47,503
jonathan.slapin,GB,GB-048,48,503
jonathan.slapin,GB,GB-049,49,702
jonathan.slapin,GB,GB-050,50,702
jonathan.slapin,GB,GB-051,51,503
jonathan.slapin,GB,GB-052,52,503
jonathan.slapin,GB,GB-053,53,503
jonathan.slapin,GB,GB-054,54,503
jonathan.slapin,GB,GB-055,55,702
jonathan.slapin,GB,GB-056,56,410
jonathan.slapin,GB,GB-057,57,506
jonathan.slapin,GB,GB-058,58,403
jonathan.slapin,GB,GB-059,59,405
jonathan.slapin,GB,GB-060,60,405
jonathan.slapin,GB,GB-061,61,405
jonathan.slapin,GB,GB-062,62,405
jonathan.slapin,GB,GB-063,63,405
jonathan.slapin,GB,GB-064,64,701
jonathan.slapin,GB,GB-065,65,701
jonathan.slapin,GB,GB-066,66,701
jonathan.slapin,GB,GB-067,67,701
jonathan.slapin,GB,GB-068,68,701
jonathan.slapin,GB,GB-069,69,701
jonathan.slapin,GB,GB-070,70,701
jonathan.slapin,GB,GB-071,71,402
jonathan.slapin,GB,GB-072,72,402
jonathan.slapin,GB,GB-073,73,402
jonathan.slapin,GB,GB-074,74,402
jonathan.slapin,GB,GB-075,75,402
jonathan.slapin,GB,GB-076,76,402
jonathan.slapin,GB,GB-077,77,402
jonathan.slapin,GB,GB-078,78,402
jonathan.slapin,GB,GB-079,79,404
jonathan.slapin,GB,GB-080,80,403
jonathan.slapin,GB,GB-081,81,403
jonathan.slapin,GB,GB-082,82,402
jonathan.slapin,GB,GB-083,83,402
jonathan.slapin,GB,GB-084,84,402
jonathan.slapin,GB,GB-085,85,402
jonathan.slapin,GB,GB-086,86,402
jonathan.slapin,GB,GB-087,87,402
jonathan.slapin,GB,GB-088,88,402
jonathan.slapin,GB,GB-089,89,402
jonathan.slapin,GB,GB-090,90,402
jonathan.slapin,GB,GB-091,91,402
jonathan.slapin,GB,GB-092,92,703
jonathan.slapin,GB,GB-093,93,703
jonathan.slapin,GB,GB-094,94,703
jonathan.slapin,GB,GB-095,95,703
jonathan.slapin,GB,GB-096,96,703
jonathan.slapin,GB,GB-097,97,703
jonathan.slapin,GB,GB-098,98,703
jonathan.slapin,GB,GB-099,99,506
jonathan.slapin,GB,GB-100,100,506
jonathan.slapin,GB,GB-101,101,506
jonathan.slapin,GB,GB-102,102,506
jonathan.slapin,GB,GB-103,103,506
jonathan.slapin,GB,GB-104,104,506
jonathan.slapin,GB,GB-105,105,506
jonathan.slapin,GB,GB-106,106,506
jonathan.slapin,GB,GB-107,107,506
proksch,GB,GB-001,1,000
proksch,GB,GB-002,2,000
proksch,GB,GB-003,3,305
proksch,GB,GB-004,4,305
proksch,GB,GB-005,5,202
proksch,GB,GB-006,6,305
proksch,GB,GB-007,7,305
proksch,GB,GB-008,8,410
proksch,GB,GB-009,9,701
proksch,GB,GB-010,10,403
proksch,GB,GB-011,11,401
proksch,GB,GB-012,12,305
proksch,GB,GB-013,13,606
proksch,GB,GB-014,14,606
proksch,GB,GB-015,15,606
proksch,GB,GB-016,16,305
proksch,GB,GB-017,17,305
proksch,GB,GB-018,18,305
proksch,GB,GB-019,19,305
proksch,GB,GB-020,20,606
proksch,GB,GB-021,21,405
proksch,GB,GB-022,22,303
proksch,GB,GB-023,23,701
proksch,GB,GB-024,24,404
proksch,GB,GB-025,25,701
proksch,GB,GB-026,26,701
proksch,GB,GB-027,27,701
proksch,GB,GB-028,28,706
proksch,GB,GB-029,29,501
proksch,GB,GB-030,30,411
proksch,GB,GB-031,31,606
proksch,GB,GB-032,32,606
proksch,GB,GB-033,33,701
proksch,GB,GB-034,34,305
proksch,GB,GB-035,35,305
proksch,GB,GB-036,36,414
proksch,GB,GB-037,37,414
proksch,GB,GB-038,38,409
proksch,GB,GB-039,39,706
proksch,GB,GB-040,40,305
proksch,GB,GB-041,41,305
proksch,GB,GB-042,42,410
proksch,GB,GB-043,43,409
proksch,GB,GB-044,44,409
proksch,GB,GB-045,45,404
proksch,GB,GB-046,46,404
proksch,GB,GB-047,47,503
proksch,GB,GB-048,48,305
proksch,GB,GB-049,49,405
proksch,GB,GB-050,50,503
proksch,GB,GB-051,51,606
proksch,GB,GB-052,52,606
proksch,GB,GB-053,53,606
proksch,GB,GB-054,54,606
proksch,GB,GB-055,55,606
proksch,GB,GB-056,56,411
proksch,GB,GB-057,57,411
proksch,GB,GB-058,58,403
proksch,GB,GB-059,59,405
proksch,GB,GB-060,60,405
proksch,GB,GB-061,61,405
proksch,GB,GB-062,62,701
proksch,GB,GB-063,63,701
proksch,GB,GB-064,64,701
proksch,GB,GB-065,65,701
proksch,GB,GB-066,66,701
proksch,GB,GB-067,67,701
proksch,GB,GB-068,68,701
proksch,GB,GB-069,69,701
proksch,GB,GB-070,70,701
proksch,GB,GB-071,71,411
proksch,GB,GB-072,72,402
proksch,GB,GB-073,73,402
proksch,GB,GB-074,74,411
proksch,GB,GB-075,75,411
proksch,GB,GB-076,76,402
proksch,GB,GB-077,77,411
proksch,GB,GB-078,78,403
proksch,GB,GB-079,79,303
proksch,GB,GB-080,80,403
proksch,GB,GB-081,81,403
proksch,GB,GB-082,82,403
proksch,GB,GB-083,83,402
proksch,GB,GB-084,84,402
proksch,GB,GB-085,85,402
proksch,GB,GB-086,86,402
proksch,GB,GB-087,87,402
proksch,GB,GB-088,88,403
proksch,GB,GB-089,89,403
proksch,GB,GB-090,90,403
proksch,GB,GB-091,91,403
proksch,GB,GB-092,92,703
proksch,GB,GB-093,93,703
proksch,GB,GB-094,94,703
proksch,GB,GB-095,95,703
proksch,GB,GB-096,96,703
proksch,GB,GB-097,97,703
proksch,GB,GB-098,98,703
proksch,GB,GB-099,99,411
proksch,GB,GB-100,100,411
proksch,GB,GB-101,101,411
proksch,GB,GB-102,102,506
proksch,GB,GB-103,103,411
proksch,GB,GB-104,104,506
proksch,GB,GB-105,105,411
proksch,GB,GB-106,106,506
proksch,GB,GB-107,107,506
luigi.curini,GB,GB-001,1,000
luigi.curini,GB,GB-002,2,202
luigi.curini,GB,GB-003,3,202
luigi.curini,GB,GB-004,4,305
luigi.curini,GB,GB-005,5,305
luigi.curini,GB,GB-006,6,606
luigi.curini,GB,GB-007,7,305
luigi.curini,GB,GB-008,8,410
luigi.curini,GB,GB-009,9,408
luigi.curini,GB,GB-010,10,305
luigi.curini,GB,GB-011,11,305
luigi.curini,GB,GB-012,12,305
luigi.curini,GB,GB-013,13,606
luigi.curini,GB,GB-014,14,601
luigi.curini,GB,GB-015,15,605
luigi.curini,GB,GB-016,16,606
luigi.curini,GB,GB-017,17,606
luigi.curini,GB,GB-018,18,606
luigi.curini,GB,GB-019,19,305
luigi.curini,GB,GB-020,20,305
luigi.curini,GB,GB-021,21,607
luigi.curini,GB,GB-022,22,202
luigi.curini,GB,GB-023,23,303
luigi.curini,GB,GB-024,24,303
luigi.curini,GB,GB-025,25,408
luigi.curini,GB,GB-026,26,408
luigi.curini,GB,GB-027,27,503
luigi.curini,GB,GB-028,28,706
luigi.curini,GB,GB-029,29,410
luigi.curini,GB,GB-030,30,410
luigi.curini,GB,GB-031,31,606
luigi.curini,GB,GB-032,32,605
luigi.curini,GB,GB-033,33,410
luigi.curini,GB,GB-034,34,305
luigi.curini,GB,GB-035,35,408
luigi.curini,GB,GB-036,36,408
luigi.curini,GB,GB-037,37,305
luigi.curini,GB,GB-038,38,409
luigi.curini,GB,GB-039,39,504
luigi.curini,GB,GB-040,40,305
luigi.curini,GB,GB-041,41,305
luigi.curini,GB,GB-042,42,409
luigi.curini,GB,GB-043,43,412
luigi.curini,GB,GB-044,44,504
luigi.curini,GB,GB-045,45,305
luigi.curini,GB,GB-046,46,606
luigi.curini,GB,GB-047,47,606
luigi.curini,GB,GB-048,48,305
luigi.curini,GB,GB-049,49,202
luigi.curini,GB,GB-050,50,706
luigi.curini,GB,GB-051,51,606
luigi.curini,GB,GB-052,52,606
luigi.curini,GB,GB-053,53,606
luigi.curini,GB,GB-054,54,606
luigi.curini,GB,GB-055,55,606
luigi.curini,GB,GB-056,56,411
luigi.curini,GB,GB-057,57,506
luigi.curini,GB,GB-058,58,403
luigi.curini,GB,GB-059,59,202
luigi.curini,GB,GB-060,60,606
luigi.curini,GB,GB-061,61,202
luigi.curini,GB,GB-062,62,202
luigi.curini,GB,GB-063,63,202
luigi.curini,GB,GB-064,64,202
luigi.curini,GB,GB-065,65,202
luigi.curini,GB,GB-066,66,202
luigi.curini,GB,GB-067,67,701
luigi.curini,GB,GB-068,68,202
luigi.curini,GB,GB-069,69,202
luigi.curini,GB,GB-070,70,202
luigi.curini,GB,GB-071,71,402
luigi.curini,GB,GB-072,72,402
luigi.curini,GB,GB-073,73,402
luigi.curini,GB,GB-074,74,411
luigi.curini,GB,GB-075,75,411
luigi.curini,GB,GB-076,76,409
luigi.curini,GB,GB-077,77,409
luigi.curini,GB,GB-078,78,402
luigi.curini,GB,GB-079,79,403
luigi.curini,GB,GB-080,80,303
luigi.curini,GB,GB-081,81,403
luigi.curini,GB,GB-082,82,402
luigi.curini,GB,GB-083,83,402
luigi.curini,GB,GB-084,84,402
luigi.curini,GB,GB-085,85,402
luigi.curini,GB,GB-086,86,402
luigi.curini,GB,GB-087,87,403
luigi.curini,GB,GB-088,88,303
luigi.curini,GB,GB-089,89,303
luigi.curini,GB,GB-090,90,403
luigi.curini,GB,GB-091,91,402
luigi.curini,GB,GB-092,92,703
luigi.curini,GB,GB-093,93,703
luigi.curini,GB,GB-094,94,703
luigi.curini,GB,GB-095,95,703
luigi.curini,GB,GB-096,96,402
luigi.curini,GB,GB-097,97,703
luigi.curini,GB,GB-098,98,703
luigi.curini,GB,GB-099,99,412
luigi.curini,GB,GB-100,100,503
luigi.curini,GB,GB-101,101,411
luigi.curini,GB,GB-102,102,506
luigi.curini,GB,GB-103,103,411
luigi.curini,GB,GB-104,104,506
luigi.curini,GB,GB-105,105,411
luigi.curini,GB,GB-106,106,411
luigi.curini,GB,GB-107,107,411
sudulicm,GB,GB-001,1,000
sudulicm,GB,GB-002,2,000
sudulicm,GB,GB-003,3,202
sudulicm,GB,GB-004,4,000
sudulicm,GB,GB-005,5,202
sudulicm,GB,GB-006,6,202
sudulicm,GB,GB-007,7,000
sudulicm,GB,GB-008,8,000
sudulicm,GB,GB-009,9,000
sudulicm,GB,GB-010,10,000
sudulicm,GB,GB-011,11,000
sudulicm,GB,GB-012,12,000
sudulicm,GB,GB-013,13,606
sudulicm,GB,GB-014,14,000
sudulicm,GB,GB-015,15,605
sudulicm,GB,GB-016,16,000
sudulicm,GB,GB-017,17,606
sudulicm,GB,GB-018,18,000
sudulicm,GB,GB-019,19,202
sudulicm,GB,GB-020,20,202
sudulicm,GB,GB-021,21,606
sudulicm,GB,GB-022,22,202
sudulicm,GB,GB-023,23,409
sudulicm,GB,GB-024,24,409
sudulicm,GB,GB-025,25,408
sudulicm,GB,GB-026,26,000
sudulicm,GB,GB-027,27,000
sudulicm,GB,GB-028,28,000
sudulicm,GB,GB-029,29,000
sudulicm,GB,GB-030,30,000
sudulicm,GB,GB-031,31,000
sudulicm,GB,GB-032,32,000
sudulicm,GB,GB-033,33,000
sudulicm,GB,GB-034,34,000
sudulicm,GB,GB-035,35,408
sudulicm,GB,GB-036,36,000
sudulicm,GB,GB-037,37,000
sudulicm,GB,GB-038,38,408
sudulicm,GB,GB-039,39,504
sudulicm,GB,GB-040,40,000
sudulicm,GB,GB-041,41,000
sudulicm,GB,GB-042,42,408
sudulicm,GB,GB-043,43,408
sudulicm,GB,GB-044,44,408
sudulicm,GB,GB-045,45,407
sudulicm,GB,GB-046,46,000
sudulicm,GB,GB-047,47,702
sudulicm,GB,GB-048,48,304
sudulicm,GB,GB-049,49,702
sudulicm,GB,GB-050,50,701
sudulicm,GB,GB-051,51,702
sudulicm,GB,GB-052,52,606
sudulicm,GB,GB-053,53,606
sudulicm,GB,GB-054,54,606
sudulicm,GB,GB-055,55,405
sudulicm,GB,GB-056,56,411
sudulicm,GB,GB-057,57,506
sudulicm,GB,GB-058,58,701
sudulicm,GB,GB-059,59,701
sudulicm,GB,GB-060,60,702
sudulicm,GB,GB-061,61,405
sudulicm,GB,GB-062,62,405
sudulicm,GB,GB-063,63,701
sudulicm,GB,GB-064,64,000
sudulicm,GB,GB-065,65,405
sudulicm,GB,GB-066,66,701
sudulicm,GB,GB-067,67,701
sudulicm,GB,GB-068,68,701
sudulicm,GB,GB-069,69,405
sudulicm,GB,GB-070,70,701
sudulicm,GB,GB-071,71,401
sudulicm,GB,GB-072,72,403
sudulicm,GB,GB-073,73,401
sudulicm,GB,GB-074,74,411
sudulicm,GB,GB-075,75,411
sudulicm,GB,GB-076,76,411
sudulicm,GB,GB-077,77,411
sudulicm,GB,GB-078,78,403
sudulicm,GB,GB-079,79,403
sudulicm,GB,GB-080,80,403
sudulicm,GB,GB-081,81,403
sudulicm,GB,GB-082,82,402
sudulicm,GB,GB-083,83,402
sudulicm,GB,GB-084,84,402
sudulicm,GB,GB-085,85,402
sudulicm,GB,GB-086,86,402
sudulicm,GB,GB-087,87,402
sudulicm,GB,GB-088,88,403
sudulicm,GB,GB-089,89,404
sudulicm,GB,GB-090,90,404
sudulicm,GB,GB-091,91,404
sudulicm,GB,GB-092,92,703
sudulicm,GB,GB-093,93,703
sudulicm,GB,GB-094,94,703
sudulicm,GB,GB-095,95,408
sudulicm,GB,GB-096,96,703
sudulicm,GB,GB-097,97,408
sudulicm,GB,GB-098,98,408
sudulicm,GB,GB-099,99,506
sudulicm,GB,GB-100,100,506
sudulicm,GB,GB-101,101,000
sudulicm,GB,GB-102,102,506
sudulicm,GB,GB-103,103,506
sudulicm,GB,GB-104,104,504
sudulicm,GB,GB-105,105,000
sudulicm,GB,GB-106,106,506
sudulicm,GB,GB-107,107,506
costellr,GB,GB-001,1,000
costellr,GB,GB-002,2,000
costellr,GB,GB-003,3,403
costellr,GB,GB-004,4,606
costellr,GB,GB-005,5,606
costellr,GB,GB-006,6,606
costellr,GB,GB-007,7,410
costellr,GB,GB-008,8,410
costellr,GB,GB-009,9,701
costellr,GB,GB-010,10,701
costellr,GB,GB-011,11,401
costellr,GB,GB-012,12,403
costellr,GB,GB-013,13,403
costellr,GB,GB-014,14,606
costellr,GB,GB-015,15,606
costellr,GB,GB-016,16,504
costellr,GB,GB-017,17,606
costellr,GB,GB-018,18,606
costellr,GB,GB-019,19,606
costellr,GB,GB-020,20,606
costellr,GB,GB-021,21,606
costellr,GB,GB-022,22,606
costellr,GB,GB-023,23,404
costellr,GB,GB-024,24,404
costellr,GB,GB-025,25,701
costellr,GB,GB-026,26,701
costellr,GB,GB-027,27,701
costellr,GB,GB-028,28,701
costellr,GB,GB-029,29,408
costellr,GB,GB-030,30,410
costellr,GB,GB-031,31,606
costellr,GB,GB-032,32,606
costellr,GB,GB-033,33,402
costellr,GB,GB-034,34,402
costellr,GB,GB-035,35,408
costellr,GB,GB-036,36,408
costellr,GB,GB-037,37,408
costellr,GB,GB-038,38,404
costellr,GB,GB-039,39,504
costellr,GB,GB-040,40,000
costellr,GB,GB-041,41,404
costellr,GB,GB-042,42,402
costellr,GB,GB-043,43,404
costellr,GB,GB-044,44,404
costellr,GB,GB-045,45,407
costellr,GB,GB-046,46,000
costellr,GB,GB-047,47,606
costellr,GB,GB-048,48,606
costellr,GB,GB-049,49,405
costellr,GB,GB-050,50,405
costellr,GB,GB-051,51,606
costellr,GB,GB-052,52,606
costellr,GB,GB-053,53,606
costellr,GB,GB-054,54,606
costellr,GB,GB-055,55,606
costellr,GB,GB-056,56,411
costellr,GB,GB-057,57,411
costellr,GB,GB-058,58,401
costellr,GB,GB-059,59,405
costellr,GB,GB-060,60,405
costellr,GB,GB-061,61,405
costellr,GB,GB-062,62,701
costellr,GB,GB-063,63,701
costellr,GB,GB-064,64,701
costellr,GB,GB-065,65,701
costellr,GB,GB-066,66,402
costellr,GB,GB-067,67,701
costellr,GB,GB-068,68,701
costellr,GB,GB-069,69,701
costellr,GB,GB-070,70,701
costellr,GB,GB-071,71,402
costellr,GB,GB-072,72,402
costellr,GB,GB-073,73,402
costellr,GB,GB-074,74,411
costellr,GB,GB-075,75,411
costellr,GB,GB-076,76,402
costellr,GB,GB-077,77,411
costellr,GB,GB-078,78,402
costellr,GB,GB-079,79,403
costellr,GB,GB-080,80,403
costellr,GB,GB-081,81,403
costellr,GB,GB-082,82,402
costellr,GB,GB-083,83,402
costellr,GB,GB-084,84,402
costellr,GB,GB-085,85,402
costellr,GB,GB-086,86,402
costellr,GB,GB-087,87,402
costellr,GB,GB-088,88,403
costellr,GB,GB-089,89,403
costellr,GB,GB-090,90,403
costellr,GB,GB-091,91,403
costellr,GB,GB-092,92,703
costellr,GB,GB-093,93,703
costellr,GB,GB-094,94,703
costellr,GB,GB-095,95,703
costellr,GB,GB-096,96,703
costellr,GB,GB-097,97,703
costellr,GB,GB-098,98,703
costellr,GB,GB-099,99,411
costellr,GB,GB-100,100,411
costellr,GB,GB-101,101,506
costellr,GB,GB-102,102,506
costellr,GB,GB-103,103,411
costellr,GB,GB-104,104,506
costellr,GB,GB-105,105,506
costellr,GB,GB-106,106,506
costellr,GB,GB-107,107,506
olgagyarfasova,GB,GB-001,1,305
olgagyarfasova,GB,GB-002,2,000
olgagyarfasova,GB,GB-003,3,405
olgagyarfasova,GB,GB-004,4,305
olgagyarfasova,GB,GB-005,5,303
olgagyarfasova,GB,GB-006,6,305
olgagyarfasova,GB,GB-007,7,000
olgagyarfasova,GB,GB-008,8,410
olgagyarfasova,GB,GB-009,9,702
olgagyarfasova,GB,GB-010,10,410
olgagyarfasova,GB,GB-011,11,402
olgagyarfasova,GB,GB-012,12,404
olgagyarfasova,GB,GB-013,13,408
olgagyarfasova,GB,GB-014,14,407
olgagyarfasova,GB,GB-015,15,702
olgagyarfasova,GB,GB-016,16,407
olgagyarfasova,GB,GB-017,17,402
olgagyarfasova,GB,GB-018,18,402
olgagyarfasova,GB,GB-019,19,305
olgagyarfasova,GB,GB-020,20,305
olgagyarfasova,GB,GB-021,21,606
olgagyarfasova,GB,GB-022,22,305
olgagyarfasova,GB,GB-023,23,402
olgagyarfasova,GB,GB-024,24,402
olgagyarfasova,GB,GB-025,25,404
olgagyarfasova,GB,GB-026,26,408
olgagyarfasova,GB,GB-027,27,408
olgagyarfasova,GB,GB-028,28,408
olgagyarfasova,GB,GB-029,29,408
olgagyarfasova,GB,GB-030,30,408
olgagyarfasova,GB,GB-031,31,606
olgagyarfasova,GB,GB-032,32,606
olgagyarfasova,GB,GB-033,33,407
olgagyarfasova,GB,GB-034,34,407
olgagyarfasova,GB,GB-035,35,408
olgagyarfasova,GB,GB-036,36,408
olgagyarfasova,GB,GB-037,37,000
olgagyarfasova,GB,GB-038,38,408
olgagyarfasova,GB,GB-039,39,408
olgagyarfasova,GB,GB-040,40,305
olgagyarfasova,GB,GB-041,41,408
olgagyarfasova,GB,GB-042,42,408
olgagyarfasova,GB,GB-043,43,408
olgagyarfasova,GB,GB-044,44,408
olgagyarfasova,GB,GB-045,45,407
olgagyarfasova,GB,GB-046,46,000
olgagyarfasova,GB,GB-047,47,000
olgagyarfasova,GB,GB-048,48,407
olgagyarfasova,GB,GB-049,49,702
olgagyarfasova,GB,GB-050,50,000
olgagyarfasova,GB,GB-051,51,408
olgagyarfasova,GB,GB-052,52,606
olgagyarfasova,GB,GB-053,53,606
olgagyarfasova,GB,GB-054,54,606
olgagyarfasova,GB,GB-055,55,606
olgagyarfasova,GB,GB-056,56,411
olgagyarfasova,GB,GB-057,57,506
olgagyarfasova,GB,GB-058,58,408
olgagyarfasova,GB,GB-059,59,408
olgagyarfasova,GB,GB-060,60,405
olgagyarfasova,GB,GB-061,61,405
olgagyarfasova,GB,GB-062,62,405
olgagyarfasova,GB,GB-063,63,405
olgagyarfasova,GB,GB-064,64,408
olgagyarfasova,GB,GB-065,65,701
olgagyarfasova,GB,GB-066,66,701
olgagyarfasova,GB,GB-067,67,701
olgagyarfasova,GB,GB-068,68,408
olgagyarfasova,GB,GB-069,69,405
olgagyarfasova,GB,GB-070,70,405
olgagyarfasova,GB,GB-071,71,408
olgagyarfasova,GB,GB-072,72,411
olgagyarfasova,GB,GB-073,73,411
olgagyarfasova,GB,GB-074,74,411
olgagyarfasova,GB,GB-075,75,411
olgagyarfasova,GB,GB-076,76,411
olgagyarfasova,GB,GB-077,77,411
olgagyarfasova,GB,GB-078,78,411
olgagyarfasova,GB,GB-079,79,408
olgagyarfasova,GB,GB-080,80,408
olgagyarfasova,GB,GB-081,81,408
olgagyarfasova,GB,GB-082,82,408
olgagyarfasova,GB,GB-083,83,402
olgagyarfasova,GB,GB-084,84,402
olgagyarfasova,GB,GB-085,85,402
olgagyarfasova,GB,GB-086,86,402
olgagyarfasova,GB,GB-087,87,402
olgagyarfasova,GB,GB-088,88,404
olgagyarfasova,GB,GB-089,89,404
olgagyarfasova,GB,GB-090,90,404
olgagyarfasova,GB,GB-091,91,404
olgagyarfasova,GB,GB-092,92,703
olgagyarfasova,GB,GB-093,93,703
olgagyarfasova,GB,GB-094,94,703
olgagyarfasova,GB,GB-095,95,703
olgagyarfasova,GB,GB-096,96,703
olgagyarfasova,GB,GB-097,97,703
olgagyarfasova,GB,GB-098,98,703
olgagyarfasova,GB,GB-099,99,411
olgagyarfasova,GB,GB-100,100,506
olgagyarfasova,GB,GB-101,101,000
olgagyarfasova,GB,GB-102,102,506
olgagyarfasova,GB,GB-103,103,506
olgagyarfasova,GB,GB-104,104,506
olgagyarfasova,GB,GB-105,105,506
olgagyarfasova,GB,GB-106,106,506
olgagyarfasova,GB,GB-107,107,506
baccinil,GB,GB-001,1,000
baccinil,GB,GB-002,2,000
baccinil,GB,GB-003,3,000
baccinil,GB,GB-004,4,000
baccinil,GB,GB-005,5,000
baccinil,GB,GB-006,6,606
baccinil,GB,GB-007,7,000
baccinil,GB,GB-008,8,410
baccinil,GB,GB-009,9,701
baccinil,GB,GB-010,10,701
baccinil,GB,GB-011,11,701
baccinil,GB,GB-012,12,701
baccinil,GB,GB-013,13,606
baccinil,GB,GB-014,14,606
baccinil,GB,GB-015,15,606
baccinil,GB,GB-016,16,606
baccinil,GB,GB-017,17,606
baccinil,GB,GB-018,18,606
baccinil,GB,GB-019,19,606
baccinil,GB,GB-020,20,606
baccinil,GB,GB-021,21,606
baccinil,GB,GB-022,22,202
baccinil,GB,GB-023,23,408
baccinil,GB,GB-024,24,410
baccinil,GB,GB-025,25,410
baccinil,GB,GB-026,26,701
baccinil,GB,GB-027,27,701
baccinil,GB,GB-028,28,701
baccinil,GB,GB-029,29,410
baccinil,GB,GB-030,30,410
baccinil,GB,GB-031,31,606
baccinil,GB,GB-032,32,605
baccinil,GB,GB-033,33,410
baccinil,GB,GB-034,34,410
baccinil,GB,GB-035,35,410
baccinil,GB,GB-036,36,410
baccinil,GB,GB-037,37,410
baccinil,GB,GB-038,38,410
baccinil,GB,GB-039,39,503
baccinil,GB,GB-040,40,408
baccinil,GB,GB-041,41,408
baccinil,GB,GB-042,42,402
baccinil,GB,GB-043,43,410
baccinil,GB,GB-044,44,410
baccinil,GB,GB-045,45,408
baccinil,GB,GB-046,46,408
baccinil,GB,GB-047,47,606
baccinil,GB,GB-048,48,606
baccinil,GB,GB-049,49,606
baccinil,GB,GB-050,50,606
baccinil,GB,GB-051,51,606
baccinil,GB,GB-052,52,606
baccinil,GB,GB-053,53,606
baccinil,GB,GB-054,54,606
baccinil,GB,GB-055,55,606
baccinil,GB,GB-056,56,411
baccinil,GB,GB-057,57,411
baccinil,GB,GB-058,58,403
baccinil,GB,GB-059,59,408
baccinil,GB,GB-060,60,408
baccinil,GB,GB-061,61,403
baccinil,GB,GB-062,62,403
baccinil,GB,GB-063,63,403
baccinil,GB,GB-064,64,408
baccinil,GB,GB-065,65,403
baccinil,GB,GB-066,66,701
baccinil,GB,GB-067,67,701
baccinil,GB,GB-068,68,403
baccinil,GB,GB-069,69,701
baccinil,GB,GB-070,70,701
baccinil,GB,GB-071,71,402
baccinil,GB,GB-072,72,402
baccinil,GB,GB-073,73,402
baccinil,GB,GB-074,74,411
baccinil,GB,GB-075,75,411
baccinil,GB,GB-076,76,411
baccinil,GB,GB-077,77,411
baccinil,GB,GB-078,78,403
baccinil,GB,GB-079,79,403
baccinil,GB,GB-080,80,403
baccinil,GB,GB-081,81,403
baccinil,GB,GB-082,82,403
baccinil,GB,GB-083,83,403
baccinil,GB,GB-084,84,403
baccinil,GB,GB-085,85,403
baccinil,GB,GB-086,86,403
baccinil,GB,GB-087,87,403
baccinil,GB,GB-088,88,403
baccinil,GB,GB-089,89,403
baccinil,GB,GB-090,90,403
baccinil,GB,GB-091,91,403
baccinil,GB,GB-092,92,703
baccinil,GB,GB-093,93,703
baccinil,GB,GB-094,94,703
baccinil,GB,GB-095,95,703
baccinil,GB,GB-096,96,703
baccinil,GB,GB-097,97,703
baccinil,GB,GB-098,98,408
baccinil,GB,GB-099,99,411
baccinil,GB,GB-100,100,411
baccinil,GB,GB-101,101,411
baccinil,GB,GB-102,102,411
baccinil,GB,GB-103,103,411
baccinil,GB,GB-104,104,411
baccinil,GB,GB-105,105,411
baccinil,GB,GB-106,106,411
baccinil,GB,GB-107,107,411
ligita_sarkute,GB,GB-001,1,000
ligita_sarkute,GB,GB-002,2,000
ligita_sarkute,GB,GB-003,3,000
ligita_sarkute,GB,GB-004,4,000
ligita_sarkute,GB,GB-005,5,000
ligita_sarkute,GB,GB-006,6,606
ligita_sarkute,GB,GB-007,7,401
ligita_sarkute,GB,GB-008,8,410
ligita_sarkute,GB,GB-009,9,408
ligita_sarkute,GB,GB-010,10,305
ligita_sarkute,GB,GB-011,11,305
ligita_sarkute,GB,GB-012,12,305
ligita_sarkute,GB,GB-013,13,606
ligita_sarkute,GB,GB-014,14,606
ligita_sarkute,GB,GB-015,15,606
ligita_sarkute,GB,GB-016,16,606
ligita_sarkute,GB,GB-017,17,305
ligita_sarkute,GB,GB-018,18,606
ligita_sarkute,GB,GB-019,19,606
ligita_sarkute,GB,GB-020,20,606
ligita_sarkute,GB,GB-021,21,606
ligita_sarkute,GB,GB-022,22,202
ligita_sarkute,GB,GB-023,23,305
ligita_sarkute,GB,GB-024,24,408
ligita_sarkute,GB,GB-025,25,408
ligita_sarkute,GB,GB-026,26,408
ligita_sarkute,GB,GB-027,27,701
ligita_sarkute,GB,GB-028,28,706
ligita_sarkute,GB,GB-029,29,410
ligita_sarkute,GB,GB-030,30,408
ligita_sarkute,GB,GB-031,31,606
ligita_sarkute,GB,GB-032,32,606
ligita_sarkute,GB,GB-033,33,408
ligita_sarkute,GB,GB-034,34,408
ligita_sarkute,GB,GB-035,35,408
ligita_sarkute,GB,GB-036,36,414
ligita_sarkute,GB,GB-037,37,414
ligita_sarkute,GB,GB-038,38,408
ligita_sarkute,GB,GB-039,39,503
ligita_sarkute,GB,GB-040,40,408
ligita_sarkute,GB,GB-041,41,408
ligita_sarkute,GB,GB-042,42,410
ligita_sarkute,GB,GB-043,43,504
ligita_sarkute,GB,GB-044,44,408
ligita_sarkute,GB,GB-045,45,606
ligita_sarkute,GB,GB-046,46,606
ligita_sarkute,GB,GB-047,47,606
ligita_sarkute,GB,GB-048,48,606
ligita_sarkute,GB,GB-049,49,202
ligita_sarkute,GB,GB-050,50,606
ligita_sarkute,GB,GB-051,51,606
ligita_sarkute,GB,GB-052,52,606
ligita_sarkute,GB,GB-053,53,606
ligita_sarkute,GB,GB-054,54,606
ligita_sarkute,GB,GB-055,55,606
ligita_sarkute,GB,GB-056,56,411
ligita_sarkute,GB,GB-057,57,411
ligita_sarkute,GB,GB-058,58,403
ligita_sarkute,GB,GB-059,59,202
ligita_sarkute,GB,GB-060,60,202
ligita_sarkute,GB,GB-061,61,202
ligita_sarkute,GB,GB-062,62,701
ligita_sarkute,GB,GB-063,63,202
ligita_sarkute,GB,GB-064,64,202
ligita_sarkute,GB,GB-065,65,202
ligita_sarkute,GB,GB-066,66,701
ligita_sarkute,GB,GB-067,67,202
ligita_sarkute,GB,GB-068,68,202
ligita_sarkute,GB,GB-069,69,202
ligita_sarkute,GB,GB-070,70,202
ligita_sarkute,GB,GB-071,71,402
ligita_sarkute,GB,GB-072,72,411
ligita_sarkute,GB,GB-073,73,411
ligita_sarkute,GB,GB-074,74,411
ligita_sarkute,GB,GB-075,75,411
ligita_sarkute,GB,GB-076,76,411
ligita_sarkute,GB,GB-077,77,411
ligita_sarkute,GB,GB-078,78,402
ligita_sarkute,GB,GB-079,79,303
ligita_sarkute,GB,GB-080,80,403
ligita_sarkute,GB,GB-081,81,403
ligita_sarkute,GB,GB-082,82,402
ligita_sarkute,GB,GB-083,83,402
ligita_sarkute,GB,GB-084,84,402
ligita_sarkute,GB,GB-085,85,402
ligita_sarkute,GB,GB-086,86,402
ligita_sarkute,GB,GB-087,87,402
ligita_sarkute,GB,GB-088,88,402
ligita_sarkute,GB,GB-089,89,402
ligita_sarkute,GB,GB-090,90,402
ligita_sarkute,GB,GB-091,91,402
ligita_sarkute,GB,GB-092,92,703
ligita_sarkute,GB,GB-093,93,703
ligita_sarkute,GB,GB-094,94,703
ligita_sarkute,GB,GB-095,95,703
ligita_sarkute,GB,GB-096,96,703
ligita_sarkute,GB,GB-097,97,703
ligita_sarkute,GB,GB-098,98,703
ligita_sarkute,GB,GB-099,99,411
ligita_sarkute,GB,GB-100,100,411
ligita_sarkute,GB,GB-101,101,411
ligita_sarkute,GB,GB-102,102,411
ligita_sarkute,GB,GB-103,103,411
ligita_sarkute,GB,GB-104,104,411
ligita_sarkute,GB,GB-105,105,411
ligita_sarkute,GB,GB-106,106,411
ligita_sarkute,GB,GB-107,107,411
s.hix,GB,GB-001,1,000
s.hix,GB,GB-002,2,000
s.hix,GB,GB-003,3,000
s.hix,GB,GB-004,4,000
s.hix,GB,GB-005,5,000
s.hix,GB,GB-006,6,000
s.hix,GB,GB-007,7,408
s.hix,GB,GB-008,8,408
s.hix,GB,GB-009,9,408
s.hix,GB,GB-010,10,403
s.hix,GB,GB-011,11,401
s.hix,GB,GB-012,12,000
s.hix,GB,GB-013,13,408
s.hix,GB,GB-014,14,606
s.hix,GB,GB-015,15,605
s.hix,GB,GB-016,16,606
s.hix,GB,GB-017,17,000
s.hix,GB,GB-018,18,606
s.hix,GB,GB-019,19,202
s.hix,GB,GB-020,20,000
s.hix,GB,GB-021,21,606
s.hix,GB,GB-022,22,202
s.hix,GB,GB-023,23,404
s.hix,GB,GB-024,24,404
s.hix,GB,GB-025,25,409
s.hix,GB,GB-026,26,408
s.hix,GB,GB-027,27,000
s.hix,GB,GB-028,28,705
s.hix,GB,GB-029,29,501
s.hix,GB,GB-030,30,404
s.hix,GB,GB-031,31,606
s.hix,GB,GB-032,32,605
s.hix,GB,GB-033,33,405
s.hix,GB,GB-034,34,408
s.hix,GB,GB-035,35,408
s.hix,GB,GB-036,36,408
s.hix,GB,GB-037,37,000
s.hix,GB,GB-038,38,404
s.hix,GB,GB-039,39,706
s.hix,GB,GB-040,40,000
s.hix,GB,GB-041,41,000
s.hix,GB,GB-042,42,409
s.hix,GB,GB-043,43,409
s.hix,GB,GB-044,44,409
s.hix,GB,GB-045,45,414
s.hix,GB,GB-046,46,408
s.hix,GB,GB-047,47,606
s.hix,GB,GB-048,48,000
s.hix,GB,GB-049,49,202
s.hix,GB,GB-050,50,412
s.hix,GB,GB-051,51,606
s.hix,GB,GB-052,52,606
s.hix,GB,GB-053,53,606
s.hix,GB,GB-054,54,606
s.hix,GB,GB-055,55,405
s.hix,GB,GB-056,56,411
s.hix,GB,GB-057,57,506
s.hix,GB,GB-058,58,403
s.hix,GB,GB-059,59,405
s.hix,GB,GB-060,60,405
s.hix,GB,GB-061,61,000
s.hix,GB,GB-062,62,405
s.hix,GB,GB-063,63,702
s.hix,GB,GB-064,64,403
s.hix,GB,GB-065,65,202
s.hix,GB,GB-066,66,414
s.hix,GB,GB-067,67,202
s.hix,GB,GB-068,68,202
s.hix,GB,GB-069,69,405
s.hix,GB,GB-070,70,405
s.hix,GB,GB-071,71,403
s.hix,GB,GB-072,72,402
s.hix,GB,GB-073,73,402
s.hix,GB,GB-074,74,411
s.hix,GB,GB-075,75,411
s.hix,GB,GB-076,76,411
s.hix,GB,GB-077,77,411
s.hix,GB,GB-078,78,402
s.hix,GB,GB-079,79,404
s.hix,GB,GB-080,80,403
s.hix,GB,GB-081,81,403
s.hix,GB,GB-082,82,401
s.hix,GB,GB-083,83,402
s.hix,GB,GB-084,84,402
s.hix,GB,GB-085,85,402
s.hix,GB,GB-086,86,402
s.hix,GB,GB-087,87,402
s.hix,GB,GB-088,88,402
s.hix,GB,GB-089,89,402
s.hix,GB,GB-090,90,401
s.hix,GB,GB-091,91,401
s.hix,GB,GB-092,92,408
s.hix,GB,GB-093,93,000
s.hix,GB,GB-094,94,402
s.hix,GB,GB-095,95,402
s.hix,GB,GB-096,96,402
s.hix,GB,GB-097,97,703
s.hix,GB,GB-098,98,408
s.hix,GB,GB-099,99,411
s.hix,GB,GB-100,100,506
s.hix,GB,GB-101,101,506
s.hix,GB,GB-102,102,506
s.hix,GB,GB-103,103,506
s.hix,GB,GB-104,104,506
s.hix,GB,GB-105,105,506
s.hix,GB,GB-106,106,506
s.hix,GB,GB-107,107,506
francois.petry,GB,GB-001,1,305
francois.petry,GB,GB-002,2,305
francois.petry,GB,GB-003,3,305
francois.petry,GB,GB-004,4,305
francois.petry,GB,GB-005,5,305
francois.petry,GB,GB-006,6,305
francois.petry,GB,GB-007,7,410
francois.petry,GB,GB-008,8,410
francois.petry,GB,GB-009,9,701
francois.petry,GB,GB-010,10,701
francois.petry,GB,GB-011,11,405
francois.petry,GB,GB-012,12,405
francois.petry,GB,GB-013,13,405
francois.petry,GB,GB-014,14,606
francois.petry,GB,GB-015,15,606
francois.petry,GB,GB-016,16,606
francois.petry,GB,GB-017,17,606
francois.petry,GB,GB-018,18,606
francois.petry,GB,GB-019,19,606
francois.petry,GB,GB-020,20,606
francois.petry,GB,GB-021,21,606
francois.petry,GB,GB-022,22,202
francois.petry,GB,GB-023,23,408
francois.petry,GB,GB-024,24,408
francois.petry,GB,GB-025,25,408
francois.petry,GB,GB-026,26,410
francois.petry,GB,GB-027,27,410
francois.petry,GB,GB-028,28,706
francois.petry,GB,GB-029,29,410
francois.petry,GB,GB-030,30,410
francois.petry,GB,GB-031,31,606
francois.petry,GB,GB-032,32,606
francois.petry,GB,GB-033,33,403
francois.petry,GB,GB-034,34,410
francois.petry,GB,GB-035,35,410
francois.petry,GB,GB-036,36,408
francois.petry,GB,GB-037,37,408
francois.petry,GB,GB-038,38,408
francois.petry,GB,GB-039,39,408
francois.petry,GB,GB-040,40,408
francois.petry,GB,GB-041,41,408
francois.petry,GB,GB-042,42,410
francois.petry,GB,GB-043,43,408
francois.petry,GB,GB-044,44,408
francois.petry,GB,GB-045,45,606
francois.petry,GB,GB-046,46,606
francois.petry,GB,GB-047,47,606
francois.petry,GB,GB-048,48,606
francois.petry,GB,GB-049,49,405
francois.petry,GB,GB-050,50,405
francois.petry,GB,GB-051,51,405
francois.petry,GB,GB-052,52,606
francois.petry,GB,GB-053,53,606
francois.petry,GB,GB-054,54,606
francois.petry,GB,GB-055,55,405
francois.petry,GB,GB-056,56,411
francois.petry,GB,GB-057,57,506
francois.petry,GB,GB-058,58,408
francois.petry,GB,GB-059,59,405
francois.petry,GB,GB-060,60,405
francois.petry,GB,GB-061,61,405
francois.petry,GB,GB-062,62,405
francois.petry,GB,GB-063,63,702
francois.petry,GB,GB-064,64,405
francois.petry,GB,GB-065,65,405
francois.petry,GB,GB-066,66,405
francois.petry,GB,GB-067,67,405
francois.petry,GB,GB-068,68,405
francois.petry,GB,GB-069,69,405
francois.petry,GB,GB-070,70,405
francois.petry,GB,GB-071,71,402
francois.petry,GB,GB-072,72,402
francois.petry,GB,GB-073,73,402
francois.petry,GB,GB-074,74,411
francois.petry,GB,GB-075,75,411
francois.petry,GB,GB-076,76,411
francois.petry,GB,GB-077,77,411
francois.petry,GB,GB-078,78,402
francois.petry,GB,GB-079,79,411
francois.petry,GB,GB-080,80,403
francois.petry,GB,GB-081,81,403
francois.petry,GB,GB-082,82,402
francois.petry,GB,GB-083,83,402
francois.petry,GB,GB-084,84,402
francois.petry,GB,GB-085,85,402
francois.petry,GB,GB-086,86,402
francois.petry,GB,GB-087,87,402
francois.petry,GB,GB-088,88,402
francois.petry,GB,GB-089,89,402
francois.petry,GB,GB-090,90,402
francois.petry,GB,GB-091,91,402
francois.petry,GB,GB-092,92,703
francois.petry,GB,GB-093,93,703
francois.petry,GB,GB-094,94,703
francois.petry,GB,GB-095,95,703
francois.petry,GB,GB-096,96,703
francois.petry,GB,GB-097,97,703
francois.petry,GB,GB-098,98,703
francois.petry,GB,GB-099,99,506
francois.petry,GB,GB-100,100,506
francois.petry,GB,GB-101,101,506
francois.petry,GB,GB-102,102,506
francois.petry,GB,GB-103,103,506
francois.petry,GB,GB-104,104,506
francois.petry,GB,GB-105,105,506
francois.petry,GB,GB-106,106,506
francois.petry,GB,GB-107,107,506
listonv,GB,GB-001,1,000
listonv,GB,GB-002,2,000
listonv,GB,GB-003,3,202
listonv,GB,GB-004,4,305
listonv,GB,GB-005,5,305
listonv,GB,GB-006,6,305
listonv,GB,GB-007,7,305
listonv,GB,GB-008,8,410
listonv,GB,GB-009,9,410
listonv,GB,GB-010,10,305
listonv,GB,GB-011,11,305
listonv,GB,GB-012,12,305
listonv,GB,GB-013,13,305
listonv,GB,GB-014,14,606
listonv,GB,GB-015,15,606
listonv,GB,GB-016,16,305
listonv,GB,GB-017,17,305
listonv,GB,GB-018,18,305
listonv,GB,GB-019,19,305
listonv,GB,GB-020,20,202
listonv,GB,GB-021,21,405
listonv,GB,GB-022,22,202
listonv,GB,GB-023,23,408
listonv,GB,GB-024,24,305
listonv,GB,GB-025,25,408
listonv,GB,GB-026,26,410
listonv,GB,GB-027,27,503
listonv,GB,GB-028,28,503
listonv,GB,GB-029,29,410
listonv,GB,GB-030,30,410
listonv,GB,GB-031,31,606
listonv,GB,GB-032,32,605
listonv,GB,GB-033,33,305
listonv,GB,GB-034,34,305
listonv,GB,GB-035,35,305
listonv,GB,GB-036,36,000
listonv,GB,GB-037,37,305
listonv,GB,GB-038,38,402
listonv,GB,GB-039,39,402
listonv,GB,GB-040,40,000
listonv,GB,GB-041,41,305
listonv,GB,GB-042,42,410
listonv,GB,GB-043,43,408
listonv,GB,GB-044,44,408
listonv,GB,GB-045,45,404
listonv,GB,GB-046,46,606
listonv,GB,GB-047,47,606
listonv,GB,GB-048,48,305
listonv,GB,GB-049,49,405
listonv,GB,GB-050,50,405
listonv,GB,GB-051,51,305
listonv,GB,GB-052,52,405
listonv,GB,GB-053,53,405
listonv,GB,GB-054,54,405
listonv,GB,GB-055,55,405
listonv,GB,GB-056,56,411
listonv,GB,GB-057,57,506
listonv,GB,GB-058,58,701
listonv,GB,GB-059,59,405
listonv,GB,GB-060,60,405
listonv,GB,GB-061,61,405
listonv,GB,GB-062,62,701
listonv,GB,GB-063,63,701
listonv,GB,GB-064,64,405
listonv,GB,GB-065,65,405
listonv,GB,GB-066,66,405
listonv,GB,GB-067,67,405
listonv,GB,GB-068,68,405
listonv,GB,GB-069,69,405
listonv,GB,GB-070,70,405
listonv,GB,GB-071,71,402
listonv,GB,GB-072,72,402
listonv,GB,GB-073,73,402
listonv,GB,GB-074,74,411
listonv,GB,GB-075,75,411
listonv,GB,GB-076,76,411
listonv,GB,GB-077,77,411
listonv,GB,GB-078,78,402
listonv,GB,GB-079,79,408
listonv,GB,GB-080,80,403
listonv,GB,GB-081,81,403
listonv,GB,GB-082,82,402
listonv,GB,GB-083,83,402
listonv,GB,GB-084,84,402
listonv,GB,GB-085,85,402
listonv,GB,GB-086,86,402
listonv,GB,GB-087,87,402
listonv,GB,GB-088,88,402
listonv,GB,GB-089,89,402
listonv,GB,GB-090,90,402
listonv,GB,GB-091,91,402
listonv,GB,GB-092,92,703
listonv,GB,GB-093,93,703
listonv,GB,GB-094,94,703
listonv,GB,GB-095,95,703
listonv,GB,GB-096,96,703
listonv,GB,GB-097,97,703
listonv,GB,GB-098,98,402
listonv,GB,GB-099,99,506
listonv,GB,GB-100,100,506
listonv,GB,GB-101,101,506
listonv,GB,GB-102,102,506
listonv,GB,GB-103,103,506
listonv,GB,GB-104,104,506
listonv,GB,GB-105,105,506
listonv,GB,GB-106,106,506
listonv,GB,GB-107,107,506
benoit.collette,GB,GB-001,1,305
benoit.collette,GB,GB-002,2,305
benoit.collette,GB,GB-003,3,305
benoit.collette,GB,GB-004,4,305
benoit.collette,GB,GB-005,5,305
benoit.collette,GB,GB-006,6,305
benoit.collette,GB,GB-007,7,305
benoit.collette,GB,GB-008,8,305
benoit.collette,GB,GB-009,9,305
benoit.collette,GB,GB-010,10,305
benoit.collette,GB,GB-011,11,305
benoit.collette,GB,GB-012,12,305
benoit.collette,GB,GB-013,13,606
benoit.collette,GB,GB-014,14,606
benoit.collette,GB,GB-015,15,606
benoit.collette,GB,GB-016,16,305
benoit.collette,GB,GB-017,17,305
benoit.collette,GB,GB-018,18,305
benoit.collette,GB,GB-019,19,606
benoit.collette,GB,GB-020,20,606
benoit.collette,GB,GB-021,21,606
benoit.collette,GB,GB-022,22,305
benoit.collette,GB,GB-023,23,408
benoit.collette,GB,GB-024,24,408
benoit.collette,GB,GB-025,25,408
benoit.collette,GB,GB-026,26,408
benoit.collette,GB,GB-027,27,408
benoit.collette,GB,GB-028,28,408
benoit.collette,GB,GB-029,29,408
benoit.collette,GB,GB-030,30,408
benoit.collette,GB,GB-031,31,408
benoit.collette,GB,GB-032,32,408
benoit.collette,GB,GB-033,33,408
benoit.collette,GB,GB-034,34,408
benoit.collette,GB,GB-035,35,408
benoit.collette,GB,GB-036,36,408
benoit.collette,GB,GB-037,37,408
benoit.collette,GB,GB-038,38,408
benoit.collette,GB,GB-039,39,503
benoit.collette,GB,GB-040,40,000
benoit.collette,GB,GB-041,41,000
benoit.collette,GB,GB-042,42,411
benoit.collette,GB,GB-043,43,408
benoit.collette,GB,GB-044,44,414
benoit.collette,GB,GB-045,45,408
benoit.collette,GB,GB-046,46,408
benoit.collette,GB,GB-047,47,408
benoit.collette,GB,GB-048,48,408
benoit.collette,GB,GB-049,49,408
benoit.collette,GB,GB-050,50,408
benoit.collette,GB,GB-051,51,408
benoit.collette,GB,GB-052,52,408
benoit.collette,GB,GB-053,53,408
benoit.collette,GB,GB-054,54,408
benoit.collette,GB,GB-055,55,408
benoit.collette,GB,GB-056,56,411
benoit.collette,GB,GB-057,57,506
benoit.collette,GB,GB-058,58,403
benoit.collette,GB,GB-059,59,000
benoit.collette,GB,GB-060,60,000
benoit.collette,GB,GB-061,61,403
benoit.collette,GB,GB-062,62,403
benoit.collette,GB,GB-063,63,403
benoit.collette,GB,GB-064,64,403
benoit.collette,GB,GB-065,65,403
benoit.collette,GB,GB-066,66,403
benoit.collette,GB,GB-067,67,403
benoit.collette,GB,GB-068,68,403
benoit.collette,GB,GB-069,69,403
benoit.collette,GB,GB-070,70,403
benoit.collette,GB,GB-071,71,402
benoit.collette,GB,GB-072,72,411
benoit.collette,GB,GB-073,73,411
benoit.collette,GB,GB-074,74,411
benoit.collette,GB,GB-075,75,411
benoit.collette,GB,GB-076,76,411
benoit.collette,GB,GB-077,77,411
benoit.collette,GB,GB-078,78,402
benoit.collette,GB,GB-079,79,411
benoit.collette,GB,GB-080,80,403
benoit.collette,GB,GB-081,81,403
benoit.collette,GB,GB-082,82,402
benoit.collette,GB,GB-083,83,402
benoit.collette,GB,GB-084,84,402
benoit.collette,GB,GB-085,85,402
benoit.collette,GB,GB-086,86,402
benoit.collette,GB,GB-087,87,402
benoit.collette,GB,GB-088,88,402
benoit.collette,GB,GB-089,89,402
benoit.collette,GB,GB-090,90,402
benoit.collette,GB,GB-091,91,402
benoit.collette,GB,GB-092,92,703
benoit.collette,GB,GB-093,93,703
benoit.collette,GB,GB-094,94,703
benoit.collette,GB,GB-095,95,703
benoit.collette,GB,GB-096,96,703
benoit.collette,GB,GB-097,97,703
benoit.collette,GB,GB-098,98,703
benoit.collette,GB,GB-099,99,411
benoit.collette,GB,GB-100,100,411
benoit.collette,GB,GB-101,101,411
benoit.collette,GB,GB-102,102,000
benoit.collette,GB,GB-103,103,000
benoit.collette,GB,GB-104,104,506
benoit.collette,GB,GB-105,105,411
benoit.collette,GB,GB-106,106,411
benoit.collette,GB,GB-107,107,506
doherta,GB,GB-001,1,202
doherta,GB,GB-002,2,602
doherta,GB,GB-003,3,601
doherta,GB,GB-004,4,202
doherta,GB,GB-005,5,202
doherta,GB,GB-006,6,202
doherta,GB,GB-007,7,304
doherta,GB,GB-008,8,602
doherta,GB,GB-009,9,602
doherta,GB,GB-010,10,602
doherta,GB,GB-011,11,303
doherta,GB,GB-012,12,000
doherta,GB,GB-013,13,305
doherta,GB,GB-014,14,602
doherta,GB,GB-015,15,604
doherta,GB,GB-016,16,602
doherta,GB,GB-017,17,503
doherta,GB,GB-018,18,304
doherta,GB,GB-019,19,303
doherta,GB,GB-020,20,305
doherta,GB,GB-021,21,305
doherta,GB,GB-022,22,202
doherta,GB,GB-023,23,408
doherta,GB,GB-024,24,408
doherta,GB,GB-025,25,408
doherta,GB,GB-026,26,304
doherta,GB,GB-027,27,304
doherta,GB,GB-028,28,304
doherta,GB,GB-029,29,304
doherta,GB,GB-030,30,304
doherta,GB,GB-031,31,304
doherta,GB,GB-032,32,304
doherta,GB,GB-033,33,304
doherta,GB,GB-034,34,602
doherta,GB,GB-035,35,505
doherta,GB,GB-036,36,410
doherta,GB,GB-037,37,408
doherta,GB,GB-038,38,408
doherta,GB,GB-039,39,705
doherta,GB,GB-040,40,603
doherta,GB,GB-041,41,303
doherta,GB,GB-042,42,404
doherta,GB,GB-043,43,404
doherta,GB,GB-044,44,404
doherta,GB,GB-045,45,303
doherta,GB,GB-046,46,602
doherta,GB,GB-047,47,602
doherta,GB,GB-048,48,000
doherta,GB,GB-049,49,000
doherta,GB,GB-050,50,000
doherta,GB,GB-051,51,602
doherta,GB,GB-052,52,606
doherta,GB,GB-053,53,606
doherta,GB,GB-054,54,000
doherta,GB,GB-055,55,602
doherta,GB,GB-056,56,408
doherta,GB,GB-057,57,506
doherta,GB,GB-058,58,701
doherta,GB,GB-059,59,204
doherta,GB,GB-060,60,000
doherta,GB,GB-061,61,408
doherta,GB,GB-062,62,701
doherta,GB,GB-063,63,701
doherta,GB,GB-064,64,701
doherta,GB,GB-065,65,705
doherta,GB,GB-066,66,701
doherta,GB,GB-067,67,701
doherta,GB,GB-068,68,411
doherta,GB,GB-069,69,411
doherta,GB,GB-070,70,301
doherta,GB,GB-071,71,301
doherta,GB,GB-072,72,408
doherta,GB,GB-073,73,402
doherta,GB,GB-074,74,411
doherta,GB,GB-075,75,506
doherta,GB,GB-076,76,411
doherta,GB,GB-077,77,411
doherta,GB,GB-078,78,301
doherta,GB,GB-079,79,302
doherta,GB,GB-080,80,406
doherta,GB,GB-081,81,706
doherta,GB,GB-082,82,303
doherta,GB,GB-083,83,408
doherta,GB,GB-084,84,408
doherta,GB,GB-085,85,408
doherta,GB,GB-086,86,408
doherta,GB,GB-087,87,408
doherta,GB,GB-088,88,301
doherta,GB,GB-089,89,301
doherta,GB,GB-090,90,305
doherta,GB,GB-091,91,305
doherta,GB,GB-092,92,414
doherta,GB,GB-093,93,410
doherta,GB,GB-094,94,408
doherta,GB,GB-095,95,408
doherta,GB,GB-096,96,408
doherta,GB,GB-097,97,706
doherta,GB,GB-098,98,303
doherta,GB,GB-099,99,506
doherta,GB,GB-100,100,507
doherta,GB,GB-101,101,000
doherta,GB,GB-102,102,102
doherta,GB,GB-103,103,000
doherta,GB,GB-104,104,000
doherta,GB,GB-105,105,102
doherta,GB,GB-106,106,303
doherta,GB,GB-107,107,506
careydp,GB,GB-001,1,601
careydp,GB,GB-002,2,305
careydp,GB,GB-003,3,606
careydp,GB,GB-004,4,601
careydp,GB,GB-005,5,606
careydp,GB,GB-006,6,606
careydp,GB,GB-007,7,602
careydp,GB,GB-008,8,305
careydp,GB,GB-009,9,305
careydp,GB,GB-010,10,305
careydp,GB,GB-011,11,413
careydp,GB,GB-012,12,403
careydp,GB,GB-013,13,405
careydp,GB,GB-014,14,305
careydp,GB,GB-015,15,606
careydp,GB,GB-016,16,305
careydp,GB,GB-017,17,305
careydp,GB,GB-018,18,305
careydp,GB,GB-019,19,201
careydp,GB,GB-020,20,606
careydp,GB,GB-021,21,607
careydp,GB,GB-022,22,305
careydp,GB,GB-023,23,305
careydp,GB,GB-024,24,405
careydp,GB,GB-025,25,701
careydp,GB,GB-026,26,701
careydp,GB,GB-027,27,000
careydp,GB,GB-028,28,305
careydp,GB,GB-029,29,305
careydp,GB,GB-030,30,305
careydp,GB,GB-031,31,305
careydp,GB,GB-032,32,305
careydp,GB,GB-033,33,414
careydp,GB,GB-034,34,305
careydp,GB,GB-035,35,305
careydp,GB,GB-036,36,000
careydp,GB,GB-037,37,000
careydp,GB,GB-038,38,404
careydp,GB,GB-039,39,706
careydp,GB,GB-040,40,000
careydp,GB,GB-041,41,000
careydp,GB,GB-042,42,405
careydp,GB,GB-043,43,305
careydp,GB,GB-044,44,305
careydp,GB,GB-045,45,405
careydp,GB,GB-046,46,000
careydp,GB,GB-047,47,000
careydp,GB,GB-048,48,305
careydp,GB,GB-049,49,702
careydp,GB,GB-050,50,402
careydp,GB,GB-051,51,305
careydp,GB,GB-052,52,305
careydp,GB,GB-053,53,000
careydp,GB,GB-054,54,000
careydp,GB,GB-055,55,702
careydp,GB,GB-056,56,404
careydp,GB,GB-057,57,411
careydp,GB,GB-058,58,702
careydp,GB,GB-059,59,405
careydp,GB,GB-060,60,407
careydp,GB,GB-061,61,000
careydp,GB,GB-062,62,402
careydp,GB,GB-063,63,702
careydp,GB,GB-064,64,401
careydp,GB,GB-065,65,401
careydp,GB,GB-066,66,402
careydp,GB,GB-067,67,414
careydp,GB,GB-068,68,701
careydp,GB,GB-069,69,701
careydp,GB,GB-070,70,405
careydp,GB,GB-071,71,405
careydp,GB,GB-072,72,411
careydp,GB,GB-073,73,401
careydp,GB,GB-074,74,411
careydp,GB,GB-075,75,401
careydp,GB,GB-076,76,411
careydp,GB,GB-077,77,411
careydp,GB,GB-078,78,414
careydp,GB,GB-079,79,402
careydp,GB,GB-080,80,401
careydp,GB,GB-081,81,403
careydp,GB,GB-082,82,402
careydp,GB,GB-083,83,402
careydp,GB,GB-084,84,402
careydp,GB,GB-085,85,402
careydp,GB,GB-086,86,402
careydp,GB,GB-087,87,402
careydp,GB,GB-088,88,401
careydp,GB,GB-089,89,401
careydp,GB,GB-090,90,401
careydp,GB,GB-091,91,401
careydp,GB,GB-092,92,414
careydp,GB,GB-093,93,414
careydp,GB,GB-094,94,402
careydp,GB,GB-095,95,305
careydp,GB,GB-096,96,000
careydp,GB,GB-097,97,402
careydp,GB,GB-098,98,408
careydp,GB,GB-099,99,411
careydp,GB,GB-100,100,305
careydp,GB,GB-101,101,305
careydp,GB,GB-102,102,000
careydp,GB,GB-103,103,000
careydp,GB,GB-104,104,000
careydp,GB,GB-105,105,305
careydp,GB,GB-106,106,411
careydp,GB,GB-107,107,411
njokur,GB,GB-001,1,202
njokur,GB,GB-002,2,000
njokur,GB,GB-003,3,406
njokur,GB,GB-004,4,601
njokur,GB,GB-005,5,305
njokur,GB,GB-006,6,305
njokur,GB,GB-007,7,406
njokur,GB,GB-008,8,416
njokur,GB,GB-009,9,404
njokur,GB,GB-010,10,401
njokur,GB,GB-011,11,413
njokur,GB,GB-012,12,305
njokur,GB,GB-013,13,606
njokur,GB,GB-014,14,601
njokur,GB,GB-015,15,606
njokur,GB,GB-016,16,601
njokur,GB,GB-017,17,605
njokur,GB,GB-018,18,606
njokur,GB,GB-019,19,606
njokur,GB,GB-020,20,606
njokur,GB,GB-021,21,201
njokur,GB,GB-022,22,202
njokur,GB,GB-023,23,408
njokur,GB,GB-024,24,305
njokur,GB,GB-025,25,409
njokur,GB,GB-026,26,701
njokur,GB,GB-027,27,701
njokur,GB,GB-028,28,404
njokur,GB,GB-029,29,410
njokur,GB,GB-030,30,408
njokur,GB,GB-031,31,606
njokur,GB,GB-032,32,606
njokur,GB,GB-033,33,409
njokur,GB,GB-034,34,401
njokur,GB,GB-035,35,408
njokur,GB,GB-036,36,404
njokur,GB,GB-037,37,414
njokur,GB,GB-038,38,408
njokur,GB,GB-039,39,402
njokur,GB,GB-040,40,414
njokur,GB,GB-041,41,404
njokur,GB,GB-042,42,410
njokur,GB,GB-043,43,414
njokur,GB,GB-044,44,402
njokur,GB,GB-045,45,606
njokur,GB,GB-046,46,606
njokur,GB,GB-047,47,606
njokur,GB,GB-048,48,606
njokur,GB,GB-049,49,606
njokur,GB,GB-050,50,202
njokur,GB,GB-051,51,606
njokur,GB,GB-052,52,606
njokur,GB,GB-053,53,606
njokur,GB,GB-054,54,606
njokur,GB,GB-055,55,606
njokur,GB,GB-056,56,411
njokur,GB,GB-057,57,506
njokur,GB,GB-058,58,403
njokur,GB,GB-059,59,202
njokur,GB,GB-060,60,606
njokur,GB,GB-061,61,202
njokur,GB,GB-062,62,701
njokur,GB,GB-063,63,202
njokur,GB,GB-064,64,202
njokur,GB,GB-065,65,202
njokur,GB,GB-066,66,701
njokur,GB,GB-067,67,201
njokur,GB,GB-068,68,202
njokur,GB,GB-069,69,701
njokur,GB,GB-070,70,701
njokur,GB,GB-071,71,402
njokur,GB,GB-072,72,402
njokur,GB,GB-073,73,402
njokur,GB,GB-074,74,411
njokur,GB,GB-075,75,410
njokur,GB,GB-076,76,411
njokur,GB,GB-077,77,411
njokur,GB,GB-078,78,402
njokur,GB,GB-079,79,404
njokur,GB,GB-080,80,303
njokur,GB,GB-081,81,403
njokur,GB,GB-082,82,403
njokur,GB,GB-083,83,402
njokur,GB,GB-084,84,402
njokur,GB,GB-085,85,402
njokur,GB,GB-086,86,403
njokur,GB,GB-087,87,403
njokur,GB,GB-088,88,402
njokur,GB,GB-089,89,403
njokur,GB,GB-090,90,403
njokur,GB,GB-091,91,402
njokur,GB,GB-092,92,703
njokur,GB,GB-093,93,703
njokur,GB,GB-094,94,703
njokur,GB,GB-095,95,703
njokur,GB,GB-096,96,703
njokur,GB,GB-097,97,703
njokur,GB,GB-098,98,703
njokur,GB,GB-099,99,411
njokur,GB,GB-100,100,411
njokur,GB,GB-101,101,411
njokur,GB,GB-102,102,411
njokur,GB,GB-103,103,411
njokur,GB,GB-104,104,414
njokur,GB,GB-105,105,411
njokur,GB,GB-106,106,411
njokur,GB,GB-107,107,411
headonc,GB,GB-001,1,000
headonc,GB,GB-002,2,601
headonc,GB,GB-003,3,601
headonc,GB,GB-004,4,305
headonc,GB,GB-005,5,201
headonc,GB,GB-006,6,305
headonc,GB,GB-007,7,410
headonc,GB,GB-008,8,410
headonc,GB,GB-009,9,702
headonc,GB,GB-010,10,412
headonc,GB,GB-011,11,401
headonc,GB,GB-012,12,401
headonc,GB,GB-013,13,405
headonc,GB,GB-014,14,606
headonc,GB,GB-015,15,605
headonc,GB,GB-016,16,504
headonc,GB,GB-017,17,606
headonc,GB,GB-018,18,601
headonc,GB,GB-019,19,305
headonc,GB,GB-020,20,305
headonc,GB,GB-021,21,301
headonc,GB,GB-022,22,503
headonc,GB,GB-023,23,404
headonc,GB,GB-024,24,411
headonc,GB,GB-025,25,701
headonc,GB,GB-026,26,701
headonc,GB,GB-027,27,503
headonc,GB,GB-028,28,706
headonc,GB,GB-029,29,501
headonc,GB,GB-030,30,410
headonc,GB,GB-031,31,601
headonc,GB,GB-032,32,603
headonc,GB,GB-033,33,401
headonc,GB,GB-034,34,404
headonc,GB,GB-035,35,701
headonc,GB,GB-036,36,404
headonc,GB,GB-037,37,404
headonc,GB,GB-038,38,701
headonc,GB,GB-039,39,706
headonc,GB,GB-040,40,305
headonc,GB,GB-041,41,305
headonc,GB,GB-042,42,404
headonc,GB,GB-043,43,701
headonc,GB,GB-044,44,408
headonc,GB,GB-045,45,404
headonc,GB,GB-046,46,606
headonc,GB,GB-047,47,503
headonc,GB,GB-048,48,304
headonc,GB,GB-049,49,405
headonc,GB,GB-050,50,503
headonc,GB,GB-051,51,503
headonc,GB,GB-052,52,601
headonc,GB,GB-053,53,606
headonc,GB,GB-054,54,503
headonc,GB,GB-055,55,702
headonc,GB,GB-056,56,411
headonc,GB,GB-057,57,506
headonc,GB,GB-058,58,701
headonc,GB,GB-059,59,202
headonc,GB,GB-060,60,702
headonc,GB,GB-061,61,410
headonc,GB,GB-062,62,503
headonc,GB,GB-063,63,702
headonc,GB,GB-064,64,408
headonc,GB,GB-065,65,701
headonc,GB,GB-066,66,402
headonc,GB,GB-067,67,503
headonc,GB,GB-068,68,605
headonc,GB,GB-069,69,701
headonc,GB,GB-070,70,503
headonc,GB,GB-071,71,403
headonc,GB,GB-072,72,404
headonc,GB,GB-073,73,404
headonc,GB,GB-074,74,411
headonc,GB,GB-075,75,411
headonc,GB,GB-076,76,410
headonc,GB,GB-077,77,411
headonc,GB,GB-078,78,406
headonc,GB,GB-079,79,305
headonc,GB,GB-080,80,403
headonc,GB,GB-081,81,406
headonc,GB,GB-082,82,410
headonc,GB,GB-083,83,402
headonc,GB,GB-084,84,402
headonc,GB,GB-085,85,404
headonc,GB,GB-086,86,402
headonc,GB,GB-087,87,402
headonc,GB,GB-088,88,403
headonc,GB,GB-089,89,403
headonc,GB,GB-090,90,504
headonc,GB,GB-091,91,504
headonc,GB,GB-092,92,703
headonc,GB,GB-093,93,703
headonc,GB,GB-094,94,402
headonc,GB,GB-095,95,406
headonc,GB,GB-096,96,404
headonc,GB,GB-097,97,706
headonc,GB,GB-098,98,406
headonc,GB,GB-099,99,411
headonc,GB,GB-100,100,506
headonc,GB,GB-101,101,506
headonc,GB,GB-102,102,506
headonc,GB,GB-103,103,411
headonc,GB,GB-104,104,705
headonc,GB,GB-105,105,701
headonc,GB,GB-106,106,411
headonc,GB,GB-107,107,506
rutherfc,GB,GB-001,1,601
rutherfc,GB,GB-002,2,602
rutherfc,GB,GB-003,3,606
rutherfc,GB,GB-004,4,606
rutherfc,GB,GB-005,5,202
rutherfc,GB,GB-006,6,606
rutherfc,GB,GB-007,7,305
rutherfc,GB,GB-008,8,303
rutherfc,GB,GB-009,9,305
rutherfc,GB,GB-010,10,305
rutherfc,GB,GB-011,11,702
rutherfc,GB,GB-012,12,305
rutherfc,GB,GB-013,13,303
rutherfc,GB,GB-014,14,602
rutherfc,GB,GB-015,15,602
rutherfc,GB,GB-016,16,602
rutherfc,GB,GB-017,17,602
rutherfc,GB,GB-018,18,602
rutherfc,GB,GB-019,19,305
rutherfc,GB,GB-020,20,606
rutherfc,GB,GB-021,21,606
rutherfc,GB,GB-022,22,305
rutherfc,GB,GB-023,23,404
rutherfc,GB,GB-024,24,404
rutherfc,GB,GB-025,25,410
rutherfc,GB,GB-026,26,000
rutherfc,GB,GB-027,27,000
rutherfc,GB,GB-028,28,000
rutherfc,GB,GB-029,29,000
rutherfc,GB,GB-030,30,000
rutherfc,GB,GB-031,31,602
rutherfc,GB,GB-032,32,000
rutherfc,GB,GB-033,33,305
rutherfc,GB,GB-034,34,000
rutherfc,GB,GB-035,35,404
rutherfc,GB,GB-036,36,404
rutherfc,GB,GB-037,37,404
rutherfc,GB,GB-038,38,404
rutherfc,GB,GB-039,39,705
rutherfc,GB,GB-040,40,601
rutherfc,GB,GB-041,41,601
rutherfc,GB,GB-042,42,410
rutherfc,GB,GB-043,43,410
rutherfc,GB,GB-044,44,404
rutherfc,GB,GB-045,45,407
rutherfc,GB,GB-046,46,000
rutherfc,GB,GB-047,47,503
rutherfc,GB,GB-048,48,000
rutherfc,GB,GB-049,49,000
rutherfc,GB,GB-050,50,000
rutherfc,GB,GB-051,51,000
rutherfc,GB,GB-052,52,606
rutherfc,GB,GB-053,53,606
rutherfc,GB,GB-054,54,000
rutherfc,GB,GB-055,55,000
rutherfc,GB,GB-056,56,411
rutherfc,GB,GB-057,57,506
rutherfc,GB,GB-058,58,701
rutherfc,GB,GB-059,59,101
rutherfc,GB,GB-060,60,000
rutherfc,GB,GB-061,61,000
rutherfc,GB,GB-062,62,000
rutherfc,GB,GB-063,63,701
rutherfc,GB,GB-064,64,503
rutherfc,GB,GB-065,65,503
rutherfc,GB,GB-066,66,701
rutherfc,GB,GB-067,67,701
rutherfc,GB,GB-068,68,701
rutherfc,GB,GB-069,69,701
rutherfc,GB,GB-070,70,403
rutherfc,GB,GB-071,71,403
rutherfc,GB,GB-072,72,414
rutherfc,GB,GB-073,73,414
rutherfc,GB,GB-074,74,411
rutherfc,GB,GB-075,75,410
rutherfc,GB,GB-076,76,402
rutherfc,GB,GB-077,77,411
rutherfc,GB,GB-078,78,403
rutherfc,GB,GB-079,79,412
rutherfc,GB,GB-080,80,403
rutherfc,GB,GB-081,81,701
rutherfc,GB,GB-082,82,402
rutherfc,GB,GB-083,83,402
rutherfc,GB,GB-084,84,402
rutherfc,GB,GB-085,85,402
rutherfc,GB,GB-086,86,402
rutherfc,GB,GB-087,87,402
rutherfc,GB,GB-088,88,403
rutherfc,GB,GB-089,89,000
rutherfc,GB,GB-090,90,402
rutherfc,GB,GB-091,91,402
rutherfc,GB,GB-092,92,000
rutherfc,GB,GB-093,93,501
rutherfc,GB,GB-094,94,703
rutherfc,GB,GB-095,95,703
rutherfc,GB,GB-096,96,703
rutherfc,GB,GB-097,97,703
rutherfc,GB,GB-098,98,501
rutherfc,GB,GB-099,99,506
rutherfc,GB,GB-100,100,506
rutherfc,GB,GB-101,101,000
rutherfc,GB,GB-102,102,101
rutherfc,GB,GB-103,103,101
rutherfc,GB,GB-104,104,000
rutherfc,GB,GB-105,105,000
rutherfc,GB,GB-106,106,000
rutherfc,GB,GB-107,107,506
saula,GB,GB-001,1,000
saula,GB,GB-002,2,000
saula,GB,GB-003,3,606
saula,GB,GB-004,4,000
saula,GB,GB-005,5,000
saula,GB,GB-006,6,202
saula,GB,GB-007,7,602
saula,GB,GB-008,8,000
saula,GB,GB-009,9,000
saula,GB,GB-010,10,602
saula,GB,GB-011,11,000
saula,GB,GB-012,12,000
saula,GB,GB-013,13,408
saula,GB,GB-014,14,602
saula,GB,GB-015,15,602
saula,GB,GB-016,16,000
saula,GB,GB-017,17,000
saula,GB,GB-018,18,602
saula,GB,GB-019,19,303
saula,GB,GB-020,20,303
saula,GB,GB-021,21,607
saula,GB,GB-022,22,303
saula,GB,GB-023,23,408
saula,GB,GB-024,24,411
saula,GB,GB-025,25,409
saula,GB,GB-026,26,409
saula,GB,GB-027,27,201
saula,GB,GB-028,28,606
saula,GB,GB-029,29,404
saula,GB,GB-030,30,602
saula,GB,GB-031,31,606
saula,GB,GB-032,32,605
saula,GB,GB-033,33,404
saula,GB,GB-034,34,303
saula,GB,GB-035,35,303
saula,GB,GB-036,36,408
saula,GB,GB-037,37,000
saula,GB,GB-038,38,404
saula,GB,GB-039,39,504
saula,GB,GB-040,40,201
saula,GB,GB-041,41,000
saula,GB,GB-042,42,408
saula,GB,GB-043,43,408
saula,GB,GB-044,44,408
saula,GB,GB-045,45,407
saula,GB,GB-046,46,000
saula,GB,GB-047,47,606
saula,GB,GB-048,48,606
saula,GB,GB-049,49,606
saula,GB,GB-050,50,000
saula,GB,GB-051,51,602
saula,GB,GB-052,52,601
saula,GB,GB-053,53,607
saula,GB,GB-054,54,607
saula,GB,GB-055,55,503
saula,GB,GB-056,56,411
saula,GB,GB-057,57,411
saula,GB,GB-058,58,702
saula,GB,GB-059,59,000
saula,GB,GB-060,60,000
saula,GB,GB-061,61,000
saula,GB,GB-062,62,402
saula,GB,GB-063,63,701
saula,GB,GB-064,64,303
saula,GB,GB-065,65,606
saula,GB,GB-066,66,402
saula,GB,GB-067,67,201
saula,GB,GB-068,68,303
saula,GB,GB-069,69,503
saula,GB,GB-070,70,410
saula,GB,GB-071,71,000
saula,GB,GB-072,72,411
saula,GB,GB-073,73,404
saula,GB,GB-074,74,411
saula,GB,GB-075,75,404
saula,GB,GB-076,76,406
saula,GB,GB-077,77,411
saula,GB,GB-078,78,601
saula,GB,GB-079,79,303
saula,GB,GB-080,80,702
saula,GB,GB-081,81,401
saula,GB,GB-082,82,000
saula,GB,GB-083,83,404
saula,GB,GB-084,84,405
saula,GB,GB-085,85,404
saula,GB,GB-086,86,409
saula,GB,GB-087,87,404
saula,GB,GB-088,88,409
saula,GB,GB-089,89,000
saula,GB,GB-090,90,408
saula,GB,GB-091,91,201
saula,GB,GB-092,92,703
saula,GB,GB-093,93,000
saula,GB,GB-094,94,703
saula,GB,GB-095,95,703
saula,GB,GB-096,96,703
saula,GB,GB-097,97,703
saula,GB,GB-098,98,703
saula,GB,GB-099,99,506
saula,GB,GB-100,100,506
saula,GB,GB-101,101,000
saula,GB,GB-102,102,000
saula,GB,GB-103,103,000
saula,GB,GB-104,104,602
saula,GB,GB-105,105,506
saula,GB,GB-106,106,506
saula,GB,GB-107,107,506
lukaszek,GB,GB-001,1,000
lukaszek,GB,GB-002,2,409
lukaszek,GB,GB-003,3,607
lukaszek,GB,GB-004,4,606
lukaszek,GB,GB-005,5,202
lukaszek,GB,GB-006,6,303
lukaszek,GB,GB-007,7,403
lukaszek,GB,GB-008,8,410
lukaszek,GB,GB-009,9,701
lukaszek,GB,GB-010,10,406
lukaszek,GB,GB-011,11,401
lukaszek,GB,GB-012,12,404
lukaszek,GB,GB-013,13,408
lukaszek,GB,GB-014,14,705
lukaszek,GB,GB-015,15,605
lukaszek,GB,GB-016,16,703
lukaszek,GB,GB-017,17,607
lukaszek,GB,GB-018,18,606
lukaszek,GB,GB-019,19,106
lukaszek,GB,GB-020,20,305
lukaszek,GB,GB-021,21,503
lukaszek,GB,GB-022,22,000
lukaszek,GB,GB-023,23,412
lukaszek,GB,GB-024,24,404
lukaszek,GB,GB-025,25,701
lukaszek,GB,GB-026,26,701
lukaszek,GB,GB-027,27,706
lukaszek,GB,GB-028,28,706
lukaszek,GB,GB-029,29,501
lukaszek,GB,GB-030,30,402
lukaszek,GB,GB-031,31,606
lukaszek,GB,GB-032,32,605
lukaszek,GB,GB-033,33,410
lukaszek,GB,GB-034,34,701
lukaszek,GB,GB-035,35,701
lukaszek,GB,GB-036,36,406
lukaszek,GB,GB-037,37,406
lukaszek,GB,GB-038,38,503
lukaszek,GB,GB-039,39,706
lukaszek,GB,GB-040,40,603
lukaszek,GB,GB-041,41,000
lukaszek,GB,GB-042,42,404
lukaszek,GB,GB-043,43,408
lukaszek,GB,GB-044,44,404
lukaszek,GB,GB-045,45,404
lukaszek,GB,GB-046,46,000
lukaszek,GB,GB-047,47,606
lukaszek,GB,GB-048,48,606
lukaszek,GB,GB-049,49,701
lukaszek,GB,GB-050,50,000
lukaszek,GB,GB-051,51,503
lukaszek,GB,GB-052,52,606
lukaszek,GB,GB-053,53,606
lukaszek,GB,GB-054,54,606
lukaszek,GB,GB-055,55,106
lukaszek,GB,GB-056,56,411
lukaszek,GB,GB-057,57,506
lukaszek,GB,GB-058,58,401
lukaszek,GB,GB-059,59,503
lukaszek,GB,GB-060,60,000
lukaszek,GB,GB-061,61,408
lukaszek,GB,GB-062,62,503
lukaszek,GB,GB-063,63,701
lukaszek,GB,GB-064,64,605
lukaszek,GB,GB-065,65,704
lukaszek,GB,GB-066,66,701
lukaszek,GB,GB-067,67,506
lukaszek,GB,GB-068,68,202
lukaszek,GB,GB-069,69,406
lukaszek,GB,GB-070,70,402
lukaszek,GB,GB-071,71,402
lukaszek,GB,GB-072,72,404
lukaszek,GB,GB-073,73,406
lukaszek,GB,GB-074,74,411
lukaszek,GB,GB-075,75,411
lukaszek,GB,GB-076,76,411
lukaszek,GB,GB-077,77,411
lukaszek,GB,GB-078,78,402
lukaszek,GB,GB-079,79,401
lukaszek,GB,GB-080,80,403
lukaszek,GB,GB-081,81,403
lukaszek,GB,GB-082,82,402
lukaszek,GB,GB-083,83,402
lukaszek,GB,GB-084,84,402
lukaszek,GB,GB-085,85,402
lukaszek,GB,GB-086,86,504
lukaszek,GB,GB-087,87,504
lukaszek,GB,GB-088,88,402
lukaszek,GB,GB-089,89,403
lukaszek,GB,GB-090,90,402
lukaszek,GB,GB-091,91,402
lukaszek,GB,GB-092,92,703
lukaszek,GB,GB-093,93,000
lukaszek,GB,GB-094,94,703
lukaszek,GB,GB-095,95,406
lukaszek,GB,GB-096,96,406
lukaszek,GB,GB-097,97,703
lukaszek,GB,GB-098,98,703
lukaszek,GB,GB-099,99,411
lukaszek,GB,GB-100,100,411
lukaszek,GB,GB-101,101,000
lukaszek,GB,GB-102,102,411
lukaszek,GB,GB-103,103,411
lukaszek,GB,GB-104,104,411
lukaszek,GB,GB-105,105,506
lukaszek,GB,GB-106,106,506
lukaszek,GB,GB-107,107,506
campbeca,GB,GB-001,1,000
campbeca,GB,GB-002,2,000
campbeca,GB,GB-003,3,000
campbeca,GB,GB-004,4,000
campbeca,GB,GB-005,5,000
campbeca,GB,GB-006,6,606
campbeca,GB,GB-007,7,408
campbeca,GB,GB-008,8,410
campbeca,GB,GB-009,9,705
campbeca,GB,GB-010,10,406
campbeca,GB,GB-011,11,407
campbeca,GB,GB-012,12,000
campbeca,GB,GB-013,13,606
campbeca,GB,GB-014,14,602
campbeca,GB,GB-015,15,602
campbeca,GB,GB-016,16,602
campbeca,GB,GB-017,17,000
campbeca,GB,GB-018,18,602
campbeca,GB,GB-019,19,000
campbeca,GB,GB-020,20,000
campbeca,GB,GB-021,21,606
campbeca,GB,GB-022,22,202
campbeca,GB,GB-023,23,408
campbeca,GB,GB-024,24,414
campbeca,GB,GB-025,25,414
campbeca,GB,GB-026,26,701
campbeca,GB,GB-027,27,701
campbeca,GB,GB-028,28,706
campbeca,GB,GB-029,29,414
campbeca,GB,GB-030,30,410
campbeca,GB,GB-031,31,606
campbeca,GB,GB-032,32,000
campbeca,GB,GB-033,33,401
campbeca,GB,GB-034,34,408
campbeca,GB,GB-035,35,408
campbeca,GB,GB-036,36,414
campbeca,GB,GB-037,37,414
campbeca,GB,GB-038,38,410
campbeca,GB,GB-039,39,705
campbeca,GB,GB-040,40,000
campbeca,GB,GB-041,41,000
campbeca,GB,GB-042,42,414
campbeca,GB,GB-043,43,410
campbeca,GB,GB-044,44,404
campbeca,GB,GB-045,45,414
campbeca,GB,GB-046,46,000
campbeca,GB,GB-047,47,602
campbeca,GB,GB-048,48,304
campbeca,GB,GB-049,49,407
campbeca,GB,GB-050,50,503
campbeca,GB,GB-051,51,606
campbeca,GB,GB-052,52,606
campbeca,GB,GB-053,53,606
campbeca,GB,GB-054,54,606
campbeca,GB,GB-055,55,414
campbeca,GB,GB-056,56,404
campbeca,GB,GB-057,57,506
campbeca,GB,GB-058,58,304
campbeca,GB,GB-059,59,702
campbeca,GB,GB-060,60,702
campbeca,GB,GB-061,61,408
campbeca,GB,GB-062,62,503
campbeca,GB,GB-063,63,304
campbeca,GB,GB-064,64,402
campbeca,GB,GB-065,65,202
campbeca,GB,GB-066,66,701
campbeca,GB,GB-067,67,201
campbeca,GB,GB-068,68,201
campbeca,GB,GB-069,69,202
campbeca,GB,GB-070,70,202
campbeca,GB,GB-071,71,403
campbeca,GB,GB-072,72,404
campbeca,GB,GB-073,73,404
campbeca,GB,GB-074,74,411
campbeca,GB,GB-075,75,411
campbeca,GB,GB-076,76,411
campbeca,GB,GB-077,77,411
campbeca,GB,GB-078,78,704
campbeca,GB,GB-079,79,404
campbeca,GB,GB-080,80,304
campbeca,GB,GB-081,81,305
campbeca,GB,GB-082,82,401
campbeca,GB,GB-083,83,411
campbeca,GB,GB-084,84,411
campbeca,GB,GB-085,85,411
campbeca,GB,GB-086,86,411
campbeca,GB,GB-087,87,401
campbeca,GB,GB-088,88,404
campbeca,GB,GB-089,89,704
campbeca,GB,GB-090,90,402
campbeca,GB,GB-091,91,702
campbeca,GB,GB-092,92,412
campbeca,GB,GB-093,93,412
campbeca,GB,GB-094,94,404
campbeca,GB,GB-095,95,403
campbeca,GB,GB-096,96,412
campbeca,GB,GB-097,97,706
campbeca,GB,GB-098,98,406
campbeca,GB,GB-099,99,506
campbeca,GB,GB-100,100,507
campbeca,GB,GB-101,101,507
campbeca,GB,GB-102,102,506
campbeca,GB,GB-103,103,507
campbeca,GB,GB-104,104,507
campbeca,GB,GB-105,105,704
campbeca,GB,GB-106,106,411
campbeca,GB,GB-107,107,506
fedoreae,GB,GB-001,1,000
fedoreae,GB,GB-002,2,408
fedoreae,GB,GB-003,3,405
fedoreae,GB,GB-004,4,202
fedoreae,GB,GB-005,5,202
fedoreae,GB,GB-006,6,305
fedoreae,GB,GB-007,7,402
fedoreae,GB,GB-008,8,408
fedoreae,GB,GB-009,9,408
fedoreae,GB,GB-010,10,403
fedoreae,GB,GB-011,11,412
fedoreae,GB,GB-012,12,000
fedoreae,GB,GB-013,13,408
fedoreae,GB,GB-014,14,606
fedoreae,GB,GB-015,15,606
fedoreae,GB,GB-016,16,301
fedoreae,GB,GB-017,17,606
fedoreae,GB,GB-018,18,301
fedoreae,GB,GB-019,19,607
fedoreae,GB,GB-020,20,303
fedoreae,GB,GB-021,21,607
fedoreae,GB,GB-022,22,607
fedoreae,GB,GB-023,23,408
fedoreae,GB,GB-024,24,408
fedoreae,GB,GB-025,25,701
fedoreae,GB,GB-026,26,701
fedoreae,GB,GB-027,27,701
fedoreae,GB,GB-028,28,706
fedoreae,GB,GB-029,29,413
fedoreae,GB,GB-030,30,410
fedoreae,GB,GB-031,31,607
fedoreae,GB,GB-032,32,605
fedoreae,GB,GB-033,33,402
fedoreae,GB,GB-034,34,701
fedoreae,GB,GB-035,35,408
fedoreae,GB,GB-036,36,408
fedoreae,GB,GB-037,37,408
fedoreae,GB,GB-038,38,701
fedoreae,GB,GB-039,39,706
fedoreae,GB,GB-040,40,303
fedoreae,GB,GB-041,41,303
fedoreae,GB,GB-042,42,409
fedoreae,GB,GB-043,43,404
fedoreae,GB,GB-044,44,402
fedoreae,GB,GB-045,45,404
fedoreae,GB,GB-046,46,404
fedoreae,GB,GB-047,47,606
fedoreae,GB,GB-048,48,304
fedoreae,GB,GB-049,49,202
fedoreae,GB,GB-050,50,304
fedoreae,GB,GB-051,51,607
fedoreae,GB,GB-052,52,606
fedoreae,GB,GB-053,53,606
fedoreae,GB,GB-054,54,504
fedoreae,GB,GB-055,55,504
fedoreae,GB,GB-056,56,411
fedoreae,GB,GB-057,57,506
fedoreae,GB,GB-058,58,406
fedoreae,GB,GB-059,59,405
fedoreae,GB,GB-060,60,405
fedoreae,GB,GB-061,61,405
fedoreae,GB,GB-062,62,701
fedoreae,GB,GB-063,63,701
fedoreae,GB,GB-064,64,202
fedoreae,GB,GB-065,65,202
fedoreae,GB,GB-066,66,701
fedoreae,GB,GB-067,67,201
fedoreae,GB,GB-068,68,202
fedoreae,GB,GB-069,69,202
fedoreae,GB,GB-070,70,202
fedoreae,GB,GB-071,71,408
fedoreae,GB,GB-072,72,402
fedoreae,GB,GB-073,73,402
fedoreae,GB,GB-074,74,411
fedoreae,GB,GB-075,75,402
fedoreae,GB,GB-076,76,402
fedoreae,GB,GB-077,77,411
fedoreae,GB,GB-078,78,406
fedoreae,GB,GB-079,79,303
fedoreae,GB,GB-080,80,403
fedoreae,GB,GB-081,81,402
fedoreae,GB,GB-082,82,406
fedoreae,GB,GB-083,83,406
fedoreae,GB,GB-084,84,406
fedoreae,GB,GB-085,85,406
fedoreae,GB,GB-086,86,406
fedoreae,GB,GB-087,87,406
fedoreae,GB,GB-088,88,406
fedoreae,GB,GB-089,89,406
fedoreae,GB,GB-090,90,406
fedoreae,GB,GB-091,91,406
fedoreae,GB,GB-092,92,404
fedoreae,GB,GB-093,93,408
fedoreae,GB,GB-094,94,406
fedoreae,GB,GB-095,95,406
fedoreae,GB,GB-096,96,406
fedoreae,GB,GB-097,97,703
fedoreae,GB,GB-098,98,403
fedoreae,GB,GB-099,99,506
fedoreae,GB,GB-100,100,506
fedoreae,GB,GB-101,101,506
fedoreae,GB,GB-102,102,000
fedoreae,GB,GB-103,103,000
fedoreae,GB,GB-104,104,000
fedoreae,GB,GB-105,105,506
fedoreae,GB,GB-106,106,506
fedoreae,GB,GB-107,107,506
daublert2,GB,GB-001,1,000
daublert2,GB,GB-002,2,000
daublert2,GB,GB-003,3,000
daublert2,GB,GB-004,4,305
daublert2,GB,GB-005,5,305
daublert2,GB,GB-006,6,606
daublert2,GB,GB-007,7,305
daublert2,GB,GB-008,8,410
daublert2,GB,GB-009,9,706
daublert2,GB,GB-010,10,412
daublert2,GB,GB-011,11,305
daublert2,GB,GB-012,12,305
daublert2,GB,GB-013,13,606
daublert2,GB,GB-014,14,606
daublert2,GB,GB-015,15,605
daublert2,GB,GB-016,16,411
daublert2,GB,GB-017,17,606
daublert2,GB,GB-018,18,305
daublert2,GB,GB-019,19,606
daublert2,GB,GB-020,20,606
daublert2,GB,GB-021,21,606
daublert2,GB,GB-022,22,202
daublert2,GB,GB-023,23,408
daublert2,GB,GB-024,24,408
daublert2,GB,GB-025,25,408
daublert2,GB,GB-026,26,408
daublert2,GB,GB-027,27,706
daublert2,GB,GB-028,28,706
daublert2,GB,GB-029,29,410
daublert2,GB,GB-030,30,410
daublert2,GB,GB-031,31,606
daublert2,GB,GB-032,32,606
daublert2,GB,GB-033,33,408
daublert2,GB,GB-034,34,408
daublert2,GB,GB-035,35,408
daublert2,GB,GB-036,36,414
daublert2,GB,GB-037,37,414
daublert2,GB,GB-038,38,504
daublert2,GB,GB-039,39,504
daublert2,GB,GB-040,40,504
daublert2,GB,GB-041,41,504
daublert2,GB,GB-042,42,402
daublert2,GB,GB-043,43,408
daublert2,GB,GB-044,44,408
daublert2,GB,GB-045,45,305
daublert2,GB,GB-046,46,606
daublert2,GB,GB-047,47,606
daublert2,GB,GB-048,48,305
daublert2,GB,GB-049,49,202
daublert2,GB,GB-050,50,503
daublert2,GB,GB-051,51,606
daublert2,GB,GB-052,52,606
daublert2,GB,GB-053,53,606
daublert2,GB,GB-054,54,606
daublert2,GB,GB-055,55,606
daublert2,GB,GB-056,56,411
daublert2,GB,GB-057,57,411
daublert2,GB,GB-058,58,403
daublert2,GB,GB-059,59,405
daublert2,GB,GB-060,60,405
daublert2,GB,GB-061,61,202
daublert2,GB,GB-062,62,503
daublert2,GB,GB-063,63,202
daublert2,GB,GB-064,64,202
daublert2,GB,GB-065,65,202
daublert2,GB,GB-066,66,701
daublert2,GB,GB-067,67,701
daublert2,GB,GB-068,68,202
daublert2,GB,GB-069,69,202
daublert2,GB,GB-070,70,202
daublert2,GB,GB-071,71,402
daublert2,GB,GB-072,72,402
daublert2,GB,GB-073,73,411
daublert2,GB,GB-074,74,411
daublert2,GB,GB-075,75,411
daublert2,GB,GB-076,76,402
daublert2,GB,GB-077,77,411
daublert2,GB,GB-078,78,401
daublert2,GB,GB-079,79,408
daublert2,GB,GB-080,80,403
daublert2,GB,GB-081,81,403
daublert2,GB,GB-082,82,402
daublert2,GB,GB-083,83,402
daublert2,GB,GB-084,84,402
daublert2,GB,GB-085,85,402
daublert2,GB,GB-086,86,402
daublert2,GB,GB-087,87,402
daublert2,GB,GB-088,88,402
daublert2,GB,GB-089,89,402
daublert2,GB,GB-090,90,402
daublert2,GB,GB-091,91,402
daublert2,GB,GB-092,92,703
daublert2,GB,GB-093,93,703
daublert2,GB,GB-094,94,703
daublert2,GB,GB-095,95,703
daublert2,GB,GB-096,96,703
daublert2,GB,GB-097,97,703
daublert2,GB,GB-098,98,703
daublert2,GB,GB-099,99,411
daublert2,GB,GB-100,100,506
daublert2,GB,GB-101,101,506
daublert2,GB,GB-102,102,506
daublert2,GB,GB-103,103,411
daublert2,GB,GB-104,104,411
daublert2,GB,GB-105,105,411
daublert2,GB,GB-106,106,506
daublert2,GB,GB-107,107,506
j.garry,GB,GB-001,1,606
j.garry,GB,GB-002,2,606
j.garry,GB,GB-003,3,606
j.garry,GB,GB-004,4,606
j.garry,GB,GB-005,5,606
j.garry,GB,GB-006,6,606
j.garry,GB,GB-007,7,410
j.garry,GB,GB-008,8,410
j.garry,GB,GB-009,9,408
j.garry,GB,GB-010,10,404
j.garry,GB,GB-011,11,401
j.garry,GB,GB-012,12,606
j.garry,GB,GB-013,13,606
j.garry,GB,GB-014,14,606
j.garry,GB,GB-015,15,606
j.garry,GB,GB-016,16,606
j.garry,GB,GB-017,17,606
j.garry,GB,GB-018,18,606
j.garry,GB,GB-019,19,606
j.garry,GB,GB-020,20,606
j.garry,GB,GB-021,21,606
j.garry,GB,GB-022,22,202
j.garry,GB,GB-023,23,305
j.garry,GB,GB-024,24,405
j.garry,GB,GB-025,25,408
j.garry,GB,GB-026,26,408
j.garry,GB,GB-027,27,701
j.garry,GB,GB-028,28,701
j.garry,GB,GB-029,29,410
j.garry,GB,GB-030,30,410
j.garry,GB,GB-031,31,606
j.garry,GB,GB-032,32,606
j.garry,GB,GB-033,33,405
j.garry,GB,GB-034,34,305
j.garry,GB,GB-035,35,408
j.garry,GB,GB-036,36,414
j.garry,GB,GB-037,37,414
j.garry,GB,GB-038,38,408
j.garry,GB,GB-039,39,503
j.garry,GB,GB-040,40,305
j.garry,GB,GB-041,41,305
j.garry,GB,GB-042,42,410
j.garry,GB,GB-043,43,408
j.garry,GB,GB-044,44,414
j.garry,GB,GB-045,45,407
j.garry,GB,GB-046,46,000
j.garry,GB,GB-047,47,606
j.garry,GB,GB-048,48,304
j.garry,GB,GB-049,49,202
j.garry,GB,GB-050,50,503
j.garry,GB,GB-051,51,606
j.garry,GB,GB-052,52,606
j.garry,GB,GB-053,53,606
j.garry,GB,GB-054,54,606
j.garry,GB,GB-055,55,405
j.garry,GB,GB-056,56,411
j.garry,GB,GB-057,57,411
j.garry,GB,GB-058,58,403
j.garry,GB,GB-059,59,405
j.garry,GB,GB-060,60,405
j.garry,GB,GB-061,61,405
j.garry,GB,GB-062,62,405
j.garry,GB,GB-063,63,702
j.garry,GB,GB-064,64,202
j.garry,GB,GB-065,65,202
j.garry,GB,GB-066,66,701
j.garry,GB,GB-067,67,701
j.garry,GB,GB-068,68,202
j.garry,GB,GB-069,69,701
j.garry,GB,GB-070,70,701
j.garry,GB,GB-071,71,402
j.garry,GB,GB-072,72,402
j.garry,GB,GB-073,73,402
j.garry,GB,GB-074,74,411
j.garry,GB,GB-075,75,411
j.garry,GB,GB-076,76,402
j.garry,GB,GB-077,77,411
j.garry,GB,GB-078,78,403
j.garry,GB,GB-079,79,410
j.garry,GB,GB-080,80,403
j.garry,GB,GB-081,81,403
j.garry,GB,GB-082,82,401
j.garry,GB,GB-083,83,402
j.garry,GB,GB-084,84,402
j.garry,GB,GB-085,85,402
j.garry,GB,GB-086,86,402
j.garry,GB,GB-087,87,402
j.garry,GB,GB-088,88,402
j.garry,GB,GB-089,89,402
j.garry,GB,GB-090,90,402
j.garry,GB,GB-091,91,402
j.garry,GB,GB-092,92,703
j.garry,GB,GB-093,93,703
j.garry,GB,GB-094,94,703
j.garry,GB,GB-095,95,703
j.garry,GB,GB-096,96,703
j.garry,GB,GB-097,97,703
j.garry,GB,GB-098,98,703
j.garry,GB,GB-099,99,411
j.garry,GB,GB-100,100,411
j.garry,GB,GB-101,101,411
j.garry,GB,GB-102,102,411
j.garry,GB,GB-103,103,411
j.garry,GB,GB-104,104,411
j.garry,GB,GB-105,105,411
j.garry,GB,GB-106,106,411
j.garry,GB,GB-107,107,411
goreckim2,GB,GB-001,1,202
goreckim2,GB,GB-002,2,606
goreckim2,GB,GB-003,3,606
goreckim2,GB,GB-004,4,305
goreckim2,GB,GB-005,5,305
goreckim2,GB,GB-006,6,606
goreckim2,GB,GB-007,7,410
goreckim2,GB,GB-008,8,410
goreckim2,GB,GB-009,9,706
goreckim2,GB,GB-010,10,403
goreckim2,GB,GB-011,11,401
goreckim2,GB,GB-012,12,405
goreckim2,GB,GB-013,13,405
goreckim2,GB,GB-014,14,606
goreckim2,GB,GB-015,15,606
goreckim2,GB,GB-016,16,305
goreckim2,GB,GB-017,17,606
goreckim2,GB,GB-018,18,606
goreckim2,GB,GB-019,19,606
goreckim2,GB,GB-020,20,305
goreckim2,GB,GB-021,21,606
goreckim2,GB,GB-022,22,202
goreckim2,GB,GB-023,23,403
goreckim2,GB,GB-024,24,404
goreckim2,GB,GB-025,25,408
goreckim2,GB,GB-026,26,408
goreckim2,GB,GB-027,27,706
goreckim2,GB,GB-028,28,706
goreckim2,GB,GB-029,29,410
goreckim2,GB,GB-030,30,410
goreckim2,GB,GB-031,31,606
goreckim2,GB,GB-032,32,605
goreckim2,GB,GB-033,33,408
goreckim2,GB,GB-034,34,408
goreckim2,GB,GB-035,35,408
goreckim2,GB,GB-036,36,414
goreckim2,GB,GB-037,37,408
goreckim2,GB,GB-038,38,701
goreckim2,GB,GB-039,39,705
goreckim2,GB,GB-040,40,305
goreckim2,GB,GB-041,41,408
goreckim2,GB,GB-042,42,402
goreckim2,GB,GB-043,43,403
goreckim2,GB,GB-044,44,403
goreckim2,GB,GB-045,45,408
goreckim2,GB,GB-046,46,408
goreckim2,GB,GB-047,47,606
goreckim2,GB,GB-048,48,304
goreckim2,GB,GB-049,49,202
goreckim2,GB,GB-050,50,408
goreckim2,GB,GB-051,51,606
goreckim2,GB,GB-052,52,606
goreckim2,GB,GB-053,53,606
goreckim2,GB,GB-054,54,606
goreckim2,GB,GB-055,55,606
goreckim2,GB,GB-056,56,411
goreckim2,GB,GB-057,57,506
goreckim2,GB,GB-058,58,403
goreckim2,GB,GB-059,59,202
goreckim2,GB,GB-060,60,606
goreckim2,GB,GB-061,61,202
goreckim2,GB,GB-062,62,701
goreckim2,GB,GB-063,63,202
goreckim2,GB,GB-064,64,408
goreckim2,GB,GB-065,65,202
goreckim2,GB,GB-066,66,701
goreckim2,GB,GB-067,67,701
goreckim2,GB,GB-068,68,408
goreckim2,GB,GB-069,69,701
goreckim2,GB,GB-070,70,701
goreckim2,GB,GB-071,71,402
goreckim2,GB,GB-072,72,402
goreckim2,GB,GB-073,73,402
goreckim2,GB,GB-074,74,411
goreckim2,GB,GB-075,75,411
goreckim2,GB,GB-076,76,402
goreckim2,GB,GB-077,77,411
goreckim2,GB,GB-078,78,402
goreckim2,GB,GB-079,79,404
goreckim2,GB,GB-080,80,403
goreckim2,GB,GB-081,81,403
goreckim2,GB,GB-082,82,402
goreckim2,GB,GB-083,83,402
goreckim2,GB,GB-084,84,402
goreckim2,GB,GB-085,85,402
goreckim2,GB,GB-086,86,402
goreckim2,GB,GB-087,87,402
goreckim2,GB,GB-088,88,402
goreckim2,GB,GB-089,89,402
goreckim2,GB,GB-090,90,402
goreckim2,GB,GB-091,91,402
goreckim2,GB,GB-092,92,703
goreckim2,GB,GB-093,93,703
goreckim2,GB,GB-094,94,402
goreckim2,GB,GB-095,95,402
goreckim2,GB,GB-096,96,402
goreckim2,GB,GB-097,97,703
goreckim2,GB,GB-098,98,703
goreckim2,GB,GB-099,99,506
goreckim2,GB,GB-100,100,506
goreckim2,GB,GB-101,101,506
goreckim2,GB,GB-102,102,506
goreckim2,GB,GB-103,103,506
goreckim2,GB,GB-104,104,506
goreckim2,GB,GB-105,105,506
goreckim2,GB,GB-106,106,506
goreckim2,GB,GB-107,107,506
mikhailv,NZ,NZ-001,1,414
mikhailv,NZ,NZ-002,2,305
mikhailv,NZ,NZ-003,3,414
mikhailv,NZ,NZ-004,4,414
mikhailv,NZ,NZ-005,5,414
mikhailv,NZ,NZ-006,6,305
mikhailv,NZ,NZ-007,7,305
mikhailv,NZ,NZ-008,8,402
mikhailv,NZ,NZ-009,9,414
mikhailv,NZ,NZ-010,10,414
mikhailv,NZ,NZ-011,11,414
mikhailv,NZ,NZ-012,12,414
mikhailv,NZ,NZ-013,13,414
mikhailv,NZ,NZ-014,14,701
mikhailv,NZ,NZ-015,15,701
mikhailv,NZ,NZ-016,16,701
mikhailv,NZ,NZ-017,17,305
mikhailv,NZ,NZ-018,18,405
mikhailv,NZ,NZ-019,19,405
mikhailv,NZ,NZ-020,20,305
mikhailv,NZ,NZ-021,21,414
mikhailv,NZ,NZ-022,22,305
mikhailv,NZ,NZ-023,23,503
mikhailv,NZ,NZ-024,24,000
mikhailv,NZ,NZ-025,25,503
mikhailv,NZ,NZ-026,26,504
mikhailv,NZ,NZ-027,27,504
mikhailv,NZ,NZ-028,28,504
mikhailv,NZ,NZ-029,29,000
mikhailv,NZ,NZ-030,30,504
mikhailv,NZ,NZ-031,31,504
mikhailv,NZ,NZ-032,32,000
mikhailv,NZ,NZ-033,33,504
mikhailv,NZ,NZ-034,34,504
mikhailv,NZ,NZ-035,35,503
mikhailv,NZ,NZ-036,36,504
mikhailv,NZ,NZ-037,37,504
mikhailv,NZ,NZ-038,38,503
mikhailv,NZ,NZ-039,39,000
mikhailv,NZ,NZ-040,40,000
mikhailv,NZ,NZ-041,41,504
mikhailv,NZ,NZ-042,42,504
mikhailv,NZ,NZ-043,43,504
mikhailv,NZ,NZ-044,44,305
mikhailv,NZ,NZ-045,45,305
mikhailv,NZ,NZ-046,46,706
mikhailv,NZ,NZ-047,47,305
mikhailv,NZ,NZ-048,48,305
mikhailv,NZ,NZ-049,49,706
mikhailv,NZ,NZ-050,50,503
mikhailv,NZ,NZ-051,51,303
mikhailv,NZ,NZ-052,52,303
mikhailv,NZ,NZ-053,53,706
mikhailv,NZ,NZ-054,54,706
mikhailv,NZ,NZ-055,55,503
mikhailv,NZ,NZ-056,56,503
mikhailv,NZ,NZ-057,57,503
mikhailv,NZ,NZ-058,58,706
mikhailv,NZ,NZ-059,59,411
mikhailv,NZ,NZ-060,60,504
mikhailv,NZ,NZ-061,61,706
mikhailv,NZ,NZ-062,62,503
mikhailv,NZ,NZ-063,63,503
mikhailv,NZ,NZ-064,64,506
mikhailv,NZ,NZ-065,65,506
mikhailv,NZ,NZ-066,66,506
mikhailv,NZ,NZ-067,67,411
mikhailv,NZ,NZ-068,68,411
mikhailv,NZ,NZ-069,69,504
mikhailv,NZ,NZ-070,70,503
mikhailv,NZ,NZ-071,71,504
mikhailv,NZ,NZ-072,72,503
martinh,NZ,NZ-001,1,404
martinh,NZ,NZ-002,2,407
martinh,NZ,NZ-003,3,408
martinh,NZ,NZ-004,4,408
martinh,NZ,NZ-005,5,408
martinh,NZ,NZ-006,6,404
martinh,NZ,NZ-007,7,401
martinh,NZ,NZ-008,8,401
martinh,NZ,NZ-009,9,412
martinh,NZ,NZ-010,10,412
martinh,NZ,NZ-011,11,412
martinh,NZ,NZ-012,12,408
martinh,NZ,NZ-013,13,408
martinh,NZ,NZ-014,14,410
martinh,NZ,NZ-015,15,410
martinh,NZ,NZ-016,16,410
martinh,NZ,NZ-017,17,408
martinh,NZ,NZ-018,18,405
martinh,NZ,NZ-019,19,405
martinh,NZ,NZ-020,20,408
martinh,NZ,NZ-021,21,408
martinh,NZ,NZ-022,22,000
martinh,NZ,NZ-023,23,504
martinh,NZ,NZ-024,24,000
martinh,NZ,NZ-025,25,000
martinh,NZ,NZ-026,26,000
martinh,NZ,NZ-027,27,504
martinh,NZ,NZ-028,28,000
martinh,NZ,NZ-029,29,504
martinh,NZ,NZ-030,30,504
martinh,NZ,NZ-031,31,504
martinh,NZ,NZ-032,32,504
martinh,NZ,NZ-033,33,000
martinh,NZ,NZ-034,34,504
martinh,NZ,NZ-035,35,403
martinh,NZ,NZ-036,36,504
martinh,NZ,NZ-037,37,000
martinh,NZ,NZ-038,38,406
martinh,NZ,NZ-039,39,504
martinh,NZ,NZ-040,40,403
martinh,NZ,NZ-041,41,000
martinh,NZ,NZ-042,42,000
martinh,NZ,NZ-043,43,000
martinh,NZ,NZ-044,44,000
martinh,NZ,NZ-045,45,000
martinh,NZ,NZ-046,46,000
martinh,NZ,NZ-047,47,000
martinh,NZ,NZ-048,48,000
martinh,NZ,NZ-049,49,201
martinh,NZ,NZ-050,50,201
martinh,NZ,NZ-051,51,201
martinh,NZ,NZ-052,52,000
martinh,NZ,NZ-053,53,000
martinh,NZ,NZ-054,54,000
martinh,NZ,NZ-055,55,203
martinh,NZ,NZ-056,56,203
martinh,NZ,NZ-057,57,504
martinh,NZ,NZ-058,58,504
martinh,NZ,NZ-059,59,410
martinh,NZ,NZ-060,60,504
martinh,NZ,NZ-061,61,705
martinh,NZ,NZ-062,62,705
martinh,NZ,NZ-063,63,705
martinh,NZ,NZ-064,64,506
martinh,NZ,NZ-065,65,705
martinh,NZ,NZ-066,66,504
martinh,NZ,NZ-067,67,504
martinh,NZ,NZ-068,68,504
martinh,NZ,NZ-069,69,705
martinh,NZ,NZ-070,70,000
martinh,NZ,NZ-071,71,504
martinh,NZ,NZ-072,72,504
agwiazda,NZ,NZ-001,1,414
agwiazda,NZ,NZ-002,2,305
agwiazda,NZ,NZ-003,3,412
agwiazda,NZ,NZ-004,4,305
agwiazda,NZ,NZ-005,5,305
agwiazda,NZ,NZ-006,6,404
agwiazda,NZ,NZ-007,7,408
agwiazda,NZ,NZ-008,8,412
agwiazda,NZ,NZ-009,9,414
agwiazda,NZ,NZ-010,10,414
agwiazda,NZ,NZ-011,11,402
agwiazda,NZ,NZ-012,12,408
agwiazda,NZ,NZ-013,13,408
agwiazda,NZ,NZ-014,14,408
agwiazda,NZ,NZ-015,15,408
agwiazda,NZ,NZ-016,16,701
agwiazda,NZ,NZ-017,17,408
agwiazda,NZ,NZ-018,18,405
agwiazda,NZ,NZ-019,19,405
agwiazda,NZ,NZ-020,20,408
agwiazda,NZ,NZ-021,21,408
agwiazda,NZ,NZ-022,22,305
agwiazda,NZ,NZ-023,23,503
agwiazda,NZ,NZ-024,24,503
agwiazda,NZ,NZ-025,25,504
agwiazda,NZ,NZ-026,26,404
agwiazda,NZ,NZ-027,27,503
agwiazda,NZ,NZ-028,28,503
agwiazda,NZ,NZ-029,29,404
agwiazda,NZ,NZ-030,30,504
agwiazda,NZ,NZ-031,31,503
agwiazda,NZ,NZ-032,32,000
agwiazda,NZ,NZ-033,33,000
agwiazda,NZ,NZ-034,34,000
agwiazda,NZ,NZ-035,35,503
agwiazda,NZ,NZ-036,36,305
agwiazda,NZ,NZ-037,37,305
agwiazda,NZ,NZ-038,38,503
agwiazda,NZ,NZ-039,39,503
agwiazda,NZ,NZ-040,40,412
agwiazda,NZ,NZ-041,41,000
agwiazda,NZ,NZ-042,42,701
agwiazda,NZ,NZ-043,43,701
agwiazda,NZ,NZ-044,44,305
agwiazda,NZ,NZ-045,45,305
agwiazda,NZ,NZ-046,46,706
agwiazda,NZ,NZ-047,47,305
agwiazda,NZ,NZ-048,48,305
agwiazda,NZ,NZ-049,49,706
agwiazda,NZ,NZ-050,50,706
agwiazda,NZ,NZ-051,51,706
agwiazda,NZ,NZ-052,52,706
agwiazda,NZ,NZ-053,53,202
agwiazda,NZ,NZ-054,54,202
agwiazda,NZ,NZ-055,55,503
agwiazda,NZ,NZ-056,56,706
agwiazda,NZ,NZ-057,57,701
agwiazda,NZ,NZ-058,58,701
agwiazda,NZ,NZ-059,59,701
agwiazda,NZ,NZ-060,60,504
agwiazda,NZ,NZ-061,61,503
agwiazda,NZ,NZ-062,62,503
agwiazda,NZ,NZ-063,63,503
agwiazda,NZ,NZ-064,64,506
agwiazda,NZ,NZ-065,65,706
agwiazda,NZ,NZ-066,66,504
agwiazda,NZ,NZ-067,67,506
agwiazda,NZ,NZ-068,68,506
agwiazda,NZ,NZ-069,69,706
agwiazda,NZ,NZ-070,70,503
agwiazda,NZ,NZ-071,71,504
agwiazda,NZ,NZ-072,72,503
suiterj,NZ,NZ-001,1,408
suiterj,NZ,NZ-002,2,408
suiterj,NZ,NZ-003,3,408
suiterj,NZ,NZ-004,4,408
suiterj,NZ,NZ-005,5,408
suiterj,NZ,NZ-006,6,408
suiterj,NZ,NZ-007,7,408
suiterj,NZ,NZ-008,8,402
suiterj,NZ,NZ-009,9,402
suiterj,NZ,NZ-010,10,402
suiterj,NZ,NZ-011,11,402
suiterj,NZ,NZ-012,12,414
suiterj,NZ,NZ-013,13,414
suiterj,NZ,NZ-014,14,408
suiterj,NZ,NZ-015,15,701
suiterj,NZ,NZ-016,16,701
suiterj,NZ,NZ-017,17,414
suiterj,NZ,NZ-018,18,405
suiterj,NZ,NZ-019,19,405
suiterj,NZ,NZ-020,20,414
suiterj,NZ,NZ-021,21,414
suiterj,NZ,NZ-022,22,504
suiterj,NZ,NZ-023,23,504
suiterj,NZ,NZ-024,24,504
suiterj,NZ,NZ-025,25,504
suiterj,NZ,NZ-026,26,504
suiterj,NZ,NZ-027,27,504
suiterj,NZ,NZ-028,28,504
suiterj,NZ,NZ-029,29,504
suiterj,NZ,NZ-030,30,504
suiterj,NZ,NZ-031,31,504
suiterj,NZ,NZ-032,32,504
suiterj,NZ,NZ-033,33,504
suiterj,NZ,NZ-034,34,504
suiterj,NZ,NZ-035,35,504
suiterj,NZ,NZ-036,36,504
suiterj,NZ,NZ-037,37,504
suiterj,NZ,NZ-038,38,503
suiterj,NZ,NZ-039,39,504
suiterj,NZ,NZ-040,40,504
suiterj,NZ,NZ-041,41,503
suiterj,NZ,NZ-042,42,503
suiterj,NZ,NZ-043,43,503
suiterj,NZ,NZ-044,44,504
suiterj,NZ,NZ-045,45,504
suiterj,NZ,NZ-046,46,706
suiterj,NZ,NZ-047,47,706
suiterj,NZ,NZ-048,48,706
suiterj,NZ,NZ-049,49,503
suiterj,NZ,NZ-050,50,503
suiterj,NZ,NZ-051,51,503
suiterj,NZ,NZ-052,52,503
suiterj,NZ,NZ-053,53,503
suiterj,NZ,NZ-054,54,503
suiterj,NZ,NZ-055,55,503
suiterj,NZ,NZ-056,56,503
suiterj,NZ,NZ-057,57,503
suiterj,NZ,NZ-058,58,503
suiterj,NZ,NZ-059,59,503
suiterj,NZ,NZ-060,60,503
suiterj,NZ,NZ-061,61,503
suiterj,NZ,NZ-062,62,503
suiterj,NZ,NZ-063,63,503
suiterj,NZ,NZ-064,64,506
suiterj,NZ,NZ-065,65,503
suiterj,NZ,NZ-066,66,503
suiterj,NZ,NZ-067,67,506
suiterj,NZ,NZ-068,68,504
suiterj,NZ,NZ-069,69,503
suiterj,NZ,NZ-070,70,503
suiterj,NZ,NZ-071,71,503
suiterj,NZ,NZ-072,72,503
Nina.Wiesehomeier,NZ,NZ-001,1,305
Nina.Wiesehomeier,NZ,NZ-002,2,305
Nina.Wiesehomeier,NZ,NZ-003,3,305
Nina.Wiesehomeier,NZ,NZ-004,4,305
Nina.Wiesehomeier,NZ,NZ-005,5,305
Nina.Wiesehomeier,NZ,NZ-006,6,408
Nina.Wiesehomeier,NZ,NZ-007,7,408
Nina.Wiesehomeier,NZ,NZ-008,8,402
Nina.Wiesehomeier,NZ,NZ-009,9,414
Nina.Wiesehomeier,NZ,NZ-010,10,414
Nina.Wiesehomeier,NZ,NZ-011,11,414
Nina.Wiesehomeier,NZ,NZ-012,12,414
Nina.Wiesehomeier,NZ,NZ-013,13,414
Nina.Wiesehomeier,NZ,NZ-014,14,410
Nina.Wiesehomeier,NZ,NZ-015,15,408
Nina.Wiesehomeier,NZ,NZ-016,16,701
Nina.Wiesehomeier,NZ,NZ-017,17,701
Nina.Wiesehomeier,NZ,NZ-018,18,405
Nina.Wiesehomeier,NZ,NZ-019,19,405
Nina.Wiesehomeier,NZ,NZ-020,20,408
Nina.Wiesehomeier,NZ,NZ-021,21,414
Nina.Wiesehomeier,NZ,NZ-022,22,305
Nina.Wiesehomeier,NZ,NZ-023,23,504
Nina.Wiesehomeier,NZ,NZ-024,24,504
Nina.Wiesehomeier,NZ,NZ-025,25,503
Nina.Wiesehomeier,NZ,NZ-026,26,504
Nina.Wiesehomeier,NZ,NZ-027,27,504
Nina.Wiesehomeier,NZ,NZ-028,28,000
Nina.Wiesehomeier,NZ,NZ-029,29,000
Nina.Wiesehomeier,NZ,NZ-030,30,000
Nina.Wiesehomeier,NZ,NZ-031,31,000
Nina.Wiesehomeier,NZ,NZ-032,32,000
Nina.Wiesehomeier,NZ,NZ-033,33,504
Nina.Wiesehomeier,NZ,NZ-034,34,504
Nina.Wiesehomeier,NZ,NZ-035,35,504
Nina.Wiesehomeier,NZ,NZ-036,36,504
Nina.Wiesehomeier,NZ,NZ-037,37,504
Nina.Wiesehomeier,NZ,NZ-038,38,503
Nina.Wiesehomeier,NZ,NZ-039,39,503
Nina.Wiesehomeier,NZ,NZ-040,40,504
Nina.Wiesehomeier,NZ,NZ-041,41,504
Nina.Wiesehomeier,NZ,NZ-042,42,504
Nina.Wiesehomeier,NZ,NZ-043,43,504
Nina.Wiesehomeier,NZ,NZ-044,44,305
Nina.Wiesehomeier,NZ,NZ-045,45,503
Nina.Wiesehomeier,NZ,NZ-046,46,706
Nina.Wiesehomeier,NZ,NZ-047,47,706
Nina.Wiesehomeier,NZ,NZ-048,48,706
Nina.Wiesehomeier,NZ,NZ-049,49,503
Nina.Wiesehomeier,NZ,NZ-050,50,503
Nina.Wiesehomeier,NZ,NZ-051,51,503
Nina.Wiesehomeier,NZ,NZ-052,52,503
Nina.Wiesehomeier,NZ,NZ-053,53,706
Nina.Wiesehomeier,NZ,NZ-054,54,706
Nina.Wiesehomeier,NZ,NZ-055,55,503
Nina.Wiesehomeier,NZ,NZ-056,56,503
Nina.Wiesehomeier,NZ,NZ-057,57,706
Nina.Wiesehomeier,NZ,NZ-058,58,706
Nina.Wiesehomeier,NZ,NZ-059,59,706
Nina.Wiesehomeier,NZ,NZ-060,60,706
Nina.Wiesehomeier,NZ,NZ-061,61,706
Nina.Wiesehomeier,NZ,NZ-062,62,503
Nina.Wiesehomeier,NZ,NZ-063,63,503
Nina.Wiesehomeier,NZ,NZ-064,64,506
Nina.Wiesehomeier,NZ,NZ-065,65,411
Nina.Wiesehomeier,NZ,NZ-066,66,504
Nina.Wiesehomeier,NZ,NZ-067,67,411
Nina.Wiesehomeier,NZ,NZ-068,68,706
Nina.Wiesehomeier,NZ,NZ-069,69,706
Nina.Wiesehomeier,NZ,NZ-070,70,503
Nina.Wiesehomeier,NZ,NZ-071,71,706
Nina.Wiesehomeier,NZ,NZ-072,72,503
ligita_sarkute,NZ,NZ-001,1,414
ligita_sarkute,NZ,NZ-002,2,414
ligita_sarkute,NZ,NZ-003,3,414
ligita_sarkute,NZ,NZ-004,4,414
ligita_sarkute,NZ,NZ-005,5,414
ligita_sarkute,NZ,NZ-006,6,408
ligita_sarkute,NZ,NZ-007,7,408
ligita_sarkute,NZ,NZ-008,8,402
ligita_sarkute,NZ,NZ-009,9,414
ligita_sarkute,NZ,NZ-010,10,414
ligita_sarkute,NZ,NZ-011,11,414
ligita_sarkute,NZ,NZ-012,12,414
ligita_sarkute,NZ,NZ-013,13,414
ligita_sarkute,NZ,NZ-014,14,410
ligita_sarkute,NZ,NZ-015,15,408
ligita_sarkute,NZ,NZ-016,16,701
ligita_sarkute,NZ,NZ-017,17,701
ligita_sarkute,NZ,NZ-018,18,405
ligita_sarkute,NZ,NZ-019,19,410
ligita_sarkute,NZ,NZ-020,20,408
ligita_sarkute,NZ,NZ-021,21,414
ligita_sarkute,NZ,NZ-022,22,504
ligita_sarkute,NZ,NZ-023,23,504
ligita_sarkute,NZ,NZ-024,24,504
ligita_sarkute,NZ,NZ-025,25,504
ligita_sarkute,NZ,NZ-026,26,504
ligita_sarkute,NZ,NZ-027,27,504
ligita_sarkute,NZ,NZ-028,28,504
ligita_sarkute,NZ,NZ-029,29,504
ligita_sarkute,NZ,NZ-030,30,504
ligita_sarkute,NZ,NZ-031,31,504
ligita_sarkute,NZ,NZ-032,32,504
ligita_sarkute,NZ,NZ-033,33,504
ligita_sarkute,NZ,NZ-034,34,504
ligita_sarkute,NZ,NZ-035,35,503
ligita_sarkute,NZ,NZ-036,36,504
ligita_sarkute,NZ,NZ-037,37,504
ligita_sarkute,NZ,NZ-038,38,504
ligita_sarkute,NZ,NZ-039,39,504
ligita_sarkute,NZ,NZ-040,40,504
ligita_sarkute,NZ,NZ-041,41,504
ligita_sarkute,NZ,NZ-042,42,504
ligita_sarkute,NZ,NZ-043,43,504
ligita_sarkute,NZ,NZ-044,44,503
ligita_sarkute,NZ,NZ-045,45,503
ligita_sarkute,NZ,NZ-046,46,706
ligita_sarkute,NZ,NZ-047,47,706
ligita_sarkute,NZ,NZ-048,48,706
ligita_sarkute,NZ,NZ-049,49,503
ligita_sarkute,NZ,NZ-050,50,503
ligita_sarkute,NZ,NZ-051,51,503
ligita_sarkute,NZ,NZ-052,52,503
ligita_sarkute,NZ,NZ-053,53,706
ligita_sarkute,NZ,NZ-054,54,706
ligita_sarkute,NZ,NZ-055,55,503
ligita_sarkute,NZ,NZ-056,56,503
ligita_sarkute,NZ,NZ-057,57,706
ligita_sarkute,NZ,NZ-058,58,706
ligita_sarkute,NZ,NZ-059,59,706
ligita_sarkute,NZ,NZ-060,60,706
ligita_sarkute,NZ,NZ-061,61,706
ligita_sarkute,NZ,NZ-062,62,503
ligita_sarkute,NZ,NZ-063,63,503
ligita_sarkute,NZ,NZ-064,64,506
ligita_sarkute,NZ,NZ-065,65,411
ligita_sarkute,NZ,NZ-066,66,504
ligita_sarkute,NZ,NZ-067,67,411
ligita_sarkute,NZ,NZ-068,68,706
ligita_sarkute,NZ,NZ-069,69,706
ligita_sarkute,NZ,NZ-070,70,503
ligita_sarkute,NZ,NZ-071,71,706
ligita_sarkute,NZ,NZ-072,72,503
wallmt,NZ,NZ-001,1,414
wallmt,NZ,NZ-002,2,414
wallmt,NZ,NZ-003,3,414
wallmt,NZ,NZ-004,4,414
wallmt,NZ,NZ-005,5,414
wallmt,NZ,NZ-006,6,404
wallmt,NZ,NZ-007,7,404
wallmt,NZ,NZ-008,8,402
wallmt,NZ,NZ-009,9,402
wallmt,NZ,NZ-010,10,402
wallmt,NZ,NZ-011,11,402
wallmt,NZ,NZ-012,12,414
wallmt,NZ,NZ-013,13,414
wallmt,NZ,NZ-014,14,410
wallmt,NZ,NZ-015,15,410
wallmt,NZ,NZ-016,16,701
wallmt,NZ,NZ-017,17,410
wallmt,NZ,NZ-018,18,405
wallmt,NZ,NZ-019,19,405
wallmt,NZ,NZ-020,20,404
wallmt,NZ,NZ-021,21,414
wallmt,NZ,NZ-022,22,504
wallmt,NZ,NZ-023,23,504
wallmt,NZ,NZ-024,24,000
wallmt,NZ,NZ-025,25,504
wallmt,NZ,NZ-026,26,506
wallmt,NZ,NZ-027,27,504
wallmt,NZ,NZ-028,28,504
wallmt,NZ,NZ-029,29,504
wallmt,NZ,NZ-030,30,504
wallmt,NZ,NZ-031,31,504
wallmt,NZ,NZ-032,32,504
wallmt,NZ,NZ-033,33,504
wallmt,NZ,NZ-034,34,504
wallmt,NZ,NZ-035,35,503
wallmt,NZ,NZ-036,36,504
wallmt,NZ,NZ-037,37,504
wallmt,NZ,NZ-038,38,504
wallmt,NZ,NZ-039,39,504
wallmt,NZ,NZ-040,40,504
wallmt,NZ,NZ-041,41,504
wallmt,NZ,NZ-042,42,504
wallmt,NZ,NZ-043,43,504
wallmt,NZ,NZ-044,44,000
wallmt,NZ,NZ-045,45,504
wallmt,NZ,NZ-046,46,503
wallmt,NZ,NZ-047,47,000
wallmt,NZ,NZ-048,48,503
wallmt,NZ,NZ-049,49,503
wallmt,NZ,NZ-050,50,503
wallmt,NZ,NZ-051,51,503
wallmt,NZ,NZ-052,52,503
wallmt,NZ,NZ-053,53,503
wallmt,NZ,NZ-054,54,503
wallmt,NZ,NZ-055,55,503
wallmt,NZ,NZ-056,56,503
wallmt,NZ,NZ-057,57,503
wallmt,NZ,NZ-058,58,503
wallmt,NZ,NZ-059,59,503
wallmt,NZ,NZ-060,60,503
wallmt,NZ,NZ-061,61,503
wallmt,NZ,NZ-062,62,503
wallmt,NZ,NZ-063,63,503
wallmt,NZ,NZ-064,64,506
wallmt,NZ,NZ-065,65,503
wallmt,NZ,NZ-066,66,506
wallmt,NZ,NZ-067,67,506
wallmt,NZ,NZ-068,68,506
wallmt,NZ,NZ-069,69,503
wallmt,NZ,NZ-070,70,503
wallmt,NZ,NZ-071,71,504
wallmt,NZ,NZ-072,72,503
Martin.Brunner,NZ,NZ-001,1,414
Martin.Brunner,NZ,NZ-002,2,305
Martin.Brunner,NZ,NZ-003,3,414
Martin.Brunner,NZ,NZ-004,4,305
Martin.Brunner,NZ,NZ-005,5,414
Martin.Brunner,NZ,NZ-006,6,305
Martin.Brunner,NZ,NZ-007,7,305
Martin.Brunner,NZ,NZ-008,8,402
Martin.Brunner,NZ,NZ-009,9,402
Martin.Brunner,NZ,NZ-010,10,402
Martin.Brunner,NZ,NZ-011,11,402
Martin.Brunner,NZ,NZ-012,12,414
Martin.Brunner,NZ,NZ-013,13,403
Martin.Brunner,NZ,NZ-014,14,403
Martin.Brunner,NZ,NZ-015,15,403
Martin.Brunner,NZ,NZ-016,16,408
Martin.Brunner,NZ,NZ-017,17,403
Martin.Brunner,NZ,NZ-018,18,405
Martin.Brunner,NZ,NZ-019,19,405
Martin.Brunner,NZ,NZ-020,20,408
Martin.Brunner,NZ,NZ-021,21,414
Martin.Brunner,NZ,NZ-022,22,305
Martin.Brunner,NZ,NZ-023,23,503
Martin.Brunner,NZ,NZ-024,24,504
Martin.Brunner,NZ,NZ-025,25,504
Martin.Brunner,NZ,NZ-026,26,504
Martin.Brunner,NZ,NZ-027,27,504
Martin.Brunner,NZ,NZ-028,28,504
Martin.Brunner,NZ,NZ-029,29,504
Martin.Brunner,NZ,NZ-030,30,504
Martin.Brunner,NZ,NZ-031,31,504
Martin.Brunner,NZ,NZ-032,32,504
Martin.Brunner,NZ,NZ-033,33,504
Martin.Brunner,NZ,NZ-034,34,504
Martin.Brunner,NZ,NZ-035,35,504
Martin.Brunner,NZ,NZ-036,36,504
Martin.Brunner,NZ,NZ-037,37,504
Martin.Brunner,NZ,NZ-038,38,504
Martin.Brunner,NZ,NZ-039,39,504
Martin.Brunner,NZ,NZ-040,40,504
Martin.Brunner,NZ,NZ-041,41,504
Martin.Brunner,NZ,NZ-042,42,504
Martin.Brunner,NZ,NZ-043,43,504
Martin.Brunner,NZ,NZ-044,44,305
Martin.Brunner,NZ,NZ-045,45,305
Martin.Brunner,NZ,NZ-046,46,706
Martin.Brunner,NZ,NZ-047,47,706
Martin.Brunner,NZ,NZ-048,48,706
Martin.Brunner,NZ,NZ-049,49,503
Martin.Brunner,NZ,NZ-050,50,503
Martin.Brunner,NZ,NZ-051,51,503
Martin.Brunner,NZ,NZ-052,52,503
Martin.Brunner,NZ,NZ-053,53,706
Martin.Brunner,NZ,NZ-054,54,706
Martin.Brunner,NZ,NZ-055,55,503
Martin.Brunner,NZ,NZ-056,56,503
Martin.Brunner,NZ,NZ-057,57,402
Martin.Brunner,NZ,NZ-058,58,402
Martin.Brunner,NZ,NZ-059,59,506
Martin.Brunner,NZ,NZ-060,60,706
Martin.Brunner,NZ,NZ-061,61,706
Martin.Brunner,NZ,NZ-062,62,503
Martin.Brunner,NZ,NZ-063,63,503
Martin.Brunner,NZ,NZ-064,64,506
Martin.Brunner,NZ,NZ-065,65,506
Martin.Brunner,NZ,NZ-066,66,504
Martin.Brunner,NZ,NZ-067,67,506
Martin.Brunner,NZ,NZ-068,68,506
Martin.Brunner,NZ,NZ-069,69,706
Martin.Brunner,NZ,NZ-070,70,503
Martin.Brunner,NZ,NZ-071,71,706
Martin.Brunner,NZ,NZ-072,72,503
thomsor,NZ,NZ-001,1,414
thomsor,NZ,NZ-002,2,414
thomsor,NZ,NZ-003,3,414
thomsor,NZ,NZ-004,4,414
thomsor,NZ,NZ-005,5,414
thomsor,NZ,NZ-006,6,414
thomsor,NZ,NZ-007,7,414
thomsor,NZ,NZ-008,8,402
thomsor,NZ,NZ-009,9,414
thomsor,NZ,NZ-010,10,414
thomsor,NZ,NZ-011,11,414
thomsor,NZ,NZ-012,12,414
thomsor,NZ,NZ-013,13,414
thomsor,NZ,NZ-014,14,408
thomsor,NZ,NZ-015,15,408
thomsor,NZ,NZ-016,16,408
thomsor,NZ,NZ-017,17,408
thomsor,NZ,NZ-018,18,404
thomsor,NZ,NZ-019,19,404
thomsor,NZ,NZ-020,20,404
thomsor,NZ,NZ-021,21,414
thomsor,NZ,NZ-022,22,504
thomsor,NZ,NZ-023,23,504
thomsor,NZ,NZ-024,24,504
thomsor,NZ,NZ-025,25,504
thomsor,NZ,NZ-026,26,504
thomsor,NZ,NZ-027,27,504
thomsor,NZ,NZ-028,28,504
thomsor,NZ,NZ-029,29,504
thomsor,NZ,NZ-030,30,504
thomsor,NZ,NZ-031,31,504
thomsor,NZ,NZ-032,32,504
thomsor,NZ,NZ-033,33,504
thomsor,NZ,NZ-034,34,504
thomsor,NZ,NZ-035,35,504
thomsor,NZ,NZ-036,36,504
thomsor,NZ,NZ-037,37,504
thomsor,NZ,NZ-038,38,504
thomsor,NZ,NZ-039,39,504
thomsor,NZ,NZ-040,40,504
thomsor,NZ,NZ-041,41,504
thomsor,NZ,NZ-042,42,504
thomsor,NZ,NZ-043,43,504
thomsor,NZ,NZ-044,44,504
thomsor,NZ,NZ-045,45,504
thomsor,NZ,NZ-046,46,503
thomsor,NZ,NZ-047,47,503
thomsor,NZ,NZ-048,48,503
thomsor,NZ,NZ-049,49,503
thomsor,NZ,NZ-050,50,503
thomsor,NZ,NZ-051,51,503
thomsor,NZ,NZ-052,52,503
thomsor,NZ,NZ-053,53,503
thomsor,NZ,NZ-054,54,503
thomsor,NZ,NZ-055,55,503
thomsor,NZ,NZ-056,56,503
thomsor,NZ,NZ-057,57,503
thomsor,NZ,NZ-058,58,503
thomsor,NZ,NZ-059,59,503
thomsor,NZ,NZ-060,60,503
thomsor,NZ,NZ-061,61,503
thomsor,NZ,NZ-062,62,503
thomsor,NZ,NZ-063,63,503
thomsor,NZ,NZ-064,64,506
thomsor,NZ,NZ-065,65,506
thomsor,NZ,NZ-066,66,506
thomsor,NZ,NZ-067,67,506
thomsor,NZ,NZ-068,68,506
thomsor,NZ,NZ-069,69,503
thomsor,NZ,NZ-070,70,503
thomsor,NZ,NZ-071,71,503
thomsor,NZ,NZ-072,72,503
marc.debus,NZ,NZ-001,1,414
marc.debus,NZ,NZ-002,2,414
marc.debus,NZ,NZ-003,3,414
marc.debus,NZ,NZ-004,4,414
marc.debus,NZ,NZ-005,5,414
marc.debus,NZ,NZ-006,6,408
marc.debus,NZ,NZ-007,7,403
marc.debus,NZ,NZ-008,8,402
marc.debus,NZ,NZ-009,9,414
marc.debus,NZ,NZ-010,10,414
marc.debus,NZ,NZ-011,11,402
marc.debus,NZ,NZ-012,12,414
marc.debus,NZ,NZ-013,13,414
marc.debus,NZ,NZ-014,14,401
marc.debus,NZ,NZ-015,15,408
marc.debus,NZ,NZ-016,16,408
marc.debus,NZ,NZ-017,17,401
marc.debus,NZ,NZ-018,18,405
marc.debus,NZ,NZ-019,19,408
marc.debus,NZ,NZ-020,20,408
marc.debus,NZ,NZ-021,21,414
marc.debus,NZ,NZ-022,22,000
marc.debus,NZ,NZ-023,23,504
marc.debus,NZ,NZ-024,24,000
marc.debus,NZ,NZ-025,25,504
marc.debus,NZ,NZ-026,26,504
marc.debus,NZ,NZ-027,27,504
marc.debus,NZ,NZ-028,28,504
marc.debus,NZ,NZ-029,29,504
marc.debus,NZ,NZ-030,30,504
marc.debus,NZ,NZ-031,31,504
marc.debus,NZ,NZ-032,32,000
marc.debus,NZ,NZ-033,33,504
marc.debus,NZ,NZ-034,34,504
marc.debus,NZ,NZ-035,35,503
marc.debus,NZ,NZ-036,36,503
marc.debus,NZ,NZ-037,37,504
marc.debus,NZ,NZ-038,38,503
marc.debus,NZ,NZ-039,39,504
marc.debus,NZ,NZ-040,40,503
marc.debus,NZ,NZ-041,41,504
marc.debus,NZ,NZ-042,42,504
marc.debus,NZ,NZ-043,43,504
marc.debus,NZ,NZ-044,44,000
marc.debus,NZ,NZ-045,45,000
marc.debus,NZ,NZ-046,46,706
marc.debus,NZ,NZ-047,47,706
marc.debus,NZ,NZ-048,48,706
marc.debus,NZ,NZ-049,49,706
marc.debus,NZ,NZ-050,50,503
marc.debus,NZ,NZ-051,51,503
marc.debus,NZ,NZ-052,52,503
marc.debus,NZ,NZ-053,53,503
marc.debus,NZ,NZ-054,54,503
marc.debus,NZ,NZ-055,55,503
marc.debus,NZ,NZ-056,56,503
marc.debus,NZ,NZ-057,57,504
marc.debus,NZ,NZ-058,58,603
marc.debus,NZ,NZ-059,59,504
marc.debus,NZ,NZ-060,60,504
marc.debus,NZ,NZ-061,61,503
marc.debus,NZ,NZ-062,62,503
marc.debus,NZ,NZ-063,63,503
marc.debus,NZ,NZ-064,64,506
marc.debus,NZ,NZ-065,65,506
marc.debus,NZ,NZ-066,66,504
marc.debus,NZ,NZ-067,67,506
marc.debus,NZ,NZ-068,68,506
marc.debus,NZ,NZ-069,69,503
marc.debus,NZ,NZ-070,70,503
marc.debus,NZ,NZ-071,71,603
marc.debus,NZ,NZ-072,72,503
eoin.omalley,NZ,NZ-001,1,305
eoin.omalley,NZ,NZ-002,2,305
eoin.omalley,NZ,NZ-003,3,414
eoin.omalley,NZ,NZ-004,4,305
eoin.omalley,NZ,NZ-005,5,305
eoin.omalley,NZ,NZ-006,6,305
eoin.omalley,NZ,NZ-007,7,404
eoin.omalley,NZ,NZ-008,8,402
eoin.omalley,NZ,NZ-009,9,414
eoin.omalley,NZ,NZ-010,10,414
eoin.omalley,NZ,NZ-011,11,414
eoin.omalley,NZ,NZ-012,12,414
eoin.omalley,NZ,NZ-013,13,409
eoin.omalley,NZ,NZ-014,14,410
eoin.omalley,NZ,NZ-015,15,412
eoin.omalley,NZ,NZ-016,16,412
eoin.omalley,NZ,NZ-017,17,412
eoin.omalley,NZ,NZ-018,18,404
eoin.omalley,NZ,NZ-019,19,404
eoin.omalley,NZ,NZ-020,20,404
eoin.omalley,NZ,NZ-021,21,414
eoin.omalley,NZ,NZ-022,22,305
eoin.omalley,NZ,NZ-023,23,504
eoin.omalley,NZ,NZ-024,24,000
eoin.omalley,NZ,NZ-025,25,504
eoin.omalley,NZ,NZ-026,26,504
eoin.omalley,NZ,NZ-027,27,504
eoin.omalley,NZ,NZ-028,28,504
eoin.omalley,NZ,NZ-029,29,504
eoin.omalley,NZ,NZ-030,30,504
eoin.omalley,NZ,NZ-031,31,504
eoin.omalley,NZ,NZ-032,32,504
eoin.omalley,NZ,NZ-033,33,504
eoin.omalley,NZ,NZ-034,34,504
eoin.omalley,NZ,NZ-035,35,504
eoin.omalley,NZ,NZ-036,36,504
eoin.omalley,NZ,NZ-037,37,504
eoin.omalley,NZ,NZ-038,38,504
eoin.omalley,NZ,NZ-039,39,503
eoin.omalley,NZ,NZ-040,40,504
eoin.omalley,NZ,NZ-041,41,504
eoin.omalley,NZ,NZ-042,42,504
eoin.omalley,NZ,NZ-043,43,504
eoin.omalley,NZ,NZ-044,44,305
eoin.omalley,NZ,NZ-045,45,305
eoin.omalley,NZ,NZ-046,46,305
eoin.omalley,NZ,NZ-047,47,305
eoin.omalley,NZ,NZ-048,48,305
eoin.omalley,NZ,NZ-049,49,706
eoin.omalley,NZ,NZ-050,50,706
eoin.omalley,NZ,NZ-051,51,201
eoin.omalley,NZ,NZ-052,52,201
eoin.omalley,NZ,NZ-053,53,706
eoin.omalley,NZ,NZ-054,54,706
eoin.omalley,NZ,NZ-055,55,706
eoin.omalley,NZ,NZ-056,56,706
eoin.omalley,NZ,NZ-057,57,706
eoin.omalley,NZ,NZ-058,58,706
eoin.omalley,NZ,NZ-059,59,706
eoin.omalley,NZ,NZ-060,60,706
eoin.omalley,NZ,NZ-061,61,706
eoin.omalley,NZ,NZ-062,62,706
eoin.omalley,NZ,NZ-063,63,706
eoin.omalley,NZ,NZ-064,64,506
eoin.omalley,NZ,NZ-065,65,506
eoin.omalley,NZ,NZ-066,66,503
eoin.omalley,NZ,NZ-067,67,506
eoin.omalley,NZ,NZ-068,68,506
eoin.omalley,NZ,NZ-069,69,706
eoin.omalley,NZ,NZ-070,70,706
eoin.omalley,NZ,NZ-071,71,706
eoin.omalley,NZ,NZ-072,72,706
kenneth.mcdonagh,NZ,NZ-001,1,408
kenneth.mcdonagh,NZ,NZ-002,2,408
kenneth.mcdonagh,NZ,NZ-003,3,408
kenneth.mcdonagh,NZ,NZ-004,4,408
kenneth.mcdonagh,NZ,NZ-005,5,408
kenneth.mcdonagh,NZ,NZ-006,6,408
kenneth.mcdonagh,NZ,NZ-007,7,404
kenneth.mcdonagh,NZ,NZ-008,8,402
kenneth.mcdonagh,NZ,NZ-009,9,402
kenneth.mcdonagh,NZ,NZ-010,10,402
kenneth.mcdonagh,NZ,NZ-011,11,402
kenneth.mcdonagh,NZ,NZ-012,12,408
kenneth.mcdonagh,NZ,NZ-013,13,408
kenneth.mcdonagh,NZ,NZ-014,14,410
kenneth.mcdonagh,NZ,NZ-015,15,408
kenneth.mcdonagh,NZ,NZ-016,16,408
kenneth.mcdonagh,NZ,NZ-017,17,408
kenneth.mcdonagh,NZ,NZ-018,18,405
kenneth.mcdonagh,NZ,NZ-019,19,405
kenneth.mcdonagh,NZ,NZ-020,20,405
kenneth.mcdonagh,NZ,NZ-021,21,405
kenneth.mcdonagh,NZ,NZ-022,22,706
kenneth.mcdonagh,NZ,NZ-023,23,706
kenneth.mcdonagh,NZ,NZ-024,24,706
kenneth.mcdonagh,NZ,NZ-025,25,706
kenneth.mcdonagh,NZ,NZ-026,26,706
kenneth.mcdonagh,NZ,NZ-027,27,706
kenneth.mcdonagh,NZ,NZ-028,28,706
kenneth.mcdonagh,NZ,NZ-029,29,706
kenneth.mcdonagh,NZ,NZ-030,30,706
kenneth.mcdonagh,NZ,NZ-031,31,706
kenneth.mcdonagh,NZ,NZ-032,32,706
kenneth.mcdonagh,NZ,NZ-033,33,706
kenneth.mcdonagh,NZ,NZ-034,34,706
kenneth.mcdonagh,NZ,NZ-035,35,706
kenneth.mcdonagh,NZ,NZ-036,36,706
kenneth.mcdonagh,NZ,NZ-037,37,706
kenneth.mcdonagh,NZ,NZ-038,38,706
kenneth.mcdonagh,NZ,NZ-039,39,706
kenneth.mcdonagh,NZ,NZ-040,40,706
kenneth.mcdonagh,NZ,NZ-041,41,706
kenneth.mcdonagh,NZ,NZ-042,42,706
kenneth.mcdonagh,NZ,NZ-043,43,706
kenneth.mcdonagh,NZ,NZ-044,44,706
kenneth.mcdonagh,NZ,NZ-045,45,706
kenneth.mcdonagh,NZ,NZ-046,46,706
kenneth.mcdonagh,NZ,NZ-047,47,706
kenneth.mcdonagh,NZ,NZ-048,48,706
kenneth.mcdonagh,NZ,NZ-049,49,706
kenneth.mcdonagh,NZ,NZ-050,50,706
kenneth.mcdonagh,NZ,NZ-051,51,706
kenneth.mcdonagh,NZ,NZ-052,52,706
kenneth.mcdonagh,NZ,NZ-053,53,706
kenneth.mcdonagh,NZ,NZ-054,54,706
kenneth.mcdonagh,NZ,NZ-055,55,706
kenneth.mcdonagh,NZ,NZ-056,56,706
kenneth.mcdonagh,NZ,NZ-057,57,706
kenneth.mcdonagh,NZ,NZ-058,58,706
kenneth.mcdonagh,NZ,NZ-059,59,706
kenneth.mcdonagh,NZ,NZ-060,60,706
kenneth.mcdonagh,NZ,NZ-061,61,706
kenneth.mcdonagh,NZ,NZ-062,62,706
kenneth.mcdonagh,NZ,NZ-063,63,706
kenneth.mcdonagh,NZ,NZ-064,64,706
kenneth.mcdonagh,NZ,NZ-065,65,706
kenneth.mcdonagh,NZ,NZ-066,66,706
kenneth.mcdonagh,NZ,NZ-067,67,706
kenneth.mcdonagh,NZ,NZ-068,68,706
kenneth.mcdonagh,NZ,NZ-069,69,706
kenneth.mcdonagh,NZ,NZ-070,70,706
kenneth.mcdonagh,NZ,NZ-071,71,706
kenneth.mcdonagh,NZ,NZ-072,72,706
ezrow,NZ,NZ-001,1,000
ezrow,NZ,NZ-002,2,305
ezrow,NZ,NZ-003,3,414
ezrow,NZ,NZ-004,4,414
ezrow,NZ,NZ-005,5,414
ezrow,NZ,NZ-006,6,408
ezrow,NZ,NZ-007,7,408
ezrow,NZ,NZ-008,8,402
ezrow,NZ,NZ-009,9,414
ezrow,NZ,NZ-010,10,414
ezrow,NZ,NZ-011,11,414
ezrow,NZ,NZ-012,12,414
ezrow,NZ,NZ-013,13,414
ezrow,NZ,NZ-014,14,408
ezrow,NZ,NZ-015,15,408
ezrow,NZ,NZ-016,16,701
ezrow,NZ,NZ-017,17,408
ezrow,NZ,NZ-018,18,405
ezrow,NZ,NZ-019,19,410
ezrow,NZ,NZ-020,20,408
ezrow,NZ,NZ-021,21,414
ezrow,NZ,NZ-022,22,504
ezrow,NZ,NZ-023,23,504
ezrow,NZ,NZ-024,24,504
ezrow,NZ,NZ-025,25,504
ezrow,NZ,NZ-026,26,504
ezrow,NZ,NZ-027,27,504
ezrow,NZ,NZ-028,28,000
ezrow,NZ,NZ-029,29,504
ezrow,NZ,NZ-030,30,504
ezrow,NZ,NZ-031,31,504
ezrow,NZ,NZ-032,32,000
ezrow,NZ,NZ-033,33,504
ezrow,NZ,NZ-034,34,504
ezrow,NZ,NZ-035,35,504
ezrow,NZ,NZ-036,36,504
ezrow,NZ,NZ-037,37,504
ezrow,NZ,NZ-038,38,408
ezrow,NZ,NZ-039,39,408
ezrow,NZ,NZ-040,40,408
ezrow,NZ,NZ-041,41,504
ezrow,NZ,NZ-042,42,504
ezrow,NZ,NZ-043,43,504
ezrow,NZ,NZ-044,44,305
ezrow,NZ,NZ-045,45,503
ezrow,NZ,NZ-046,46,706
ezrow,NZ,NZ-047,47,706
ezrow,NZ,NZ-048,48,706
ezrow,NZ,NZ-049,49,503
ezrow,NZ,NZ-050,50,503
ezrow,NZ,NZ-051,51,503
ezrow,NZ,NZ-052,52,503
ezrow,NZ,NZ-053,53,503
ezrow,NZ,NZ-054,54,503
ezrow,NZ,NZ-055,55,503
ezrow,NZ,NZ-056,56,503
ezrow,NZ,NZ-057,57,503
ezrow,NZ,NZ-058,58,503
ezrow,NZ,NZ-059,59,506
ezrow,NZ,NZ-060,60,504
ezrow,NZ,NZ-061,61,503
ezrow,NZ,NZ-062,62,503
ezrow,NZ,NZ-063,63,503
ezrow,NZ,NZ-064,64,506
ezrow,NZ,NZ-065,65,503
ezrow,NZ,NZ-066,66,504
ezrow,NZ,NZ-067,67,506
ezrow,NZ,NZ-068,68,506
ezrow,NZ,NZ-069,69,503
ezrow,NZ,NZ-070,70,503
ezrow,NZ,NZ-071,71,503
ezrow,NZ,NZ-072,72,503
sgilliga,NZ,NZ-001,1,401
sgilliga,NZ,NZ-002,2,403
sgilliga,NZ,NZ-003,3,408
sgilliga,NZ,NZ-004,4,414
sgilliga,NZ,NZ-005,5,401
sgilliga,NZ,NZ-006,6,412
sgilliga,NZ,NZ-007,7,413
sgilliga,NZ,NZ-008,8,402
sgilliga,NZ,NZ-009,9,000
sgilliga,NZ,NZ-010,10,412
sgilliga,NZ,NZ-011,11,414
sgilliga,NZ,NZ-012,12,403
sgilliga,NZ,NZ-013,13,404
sgilliga,NZ,NZ-014,14,408
sgilliga,NZ,NZ-015,15,412
sgilliga,NZ,NZ-016,16,503
sgilliga,NZ,NZ-017,17,405
sgilliga,NZ,NZ-018,18,403
sgilliga,NZ,NZ-019,19,408
sgilliga,NZ,NZ-020,20,408
sgilliga,NZ,NZ-021,21,408
sgilliga,NZ,NZ-022,22,504
sgilliga,NZ,NZ-023,23,503
sgilliga,NZ,NZ-024,24,000
sgilliga,NZ,NZ-025,25,504
sgilliga,NZ,NZ-026,26,504
sgilliga,NZ,NZ-027,27,504
sgilliga,NZ,NZ-028,28,408
sgilliga,NZ,NZ-029,29,412
sgilliga,NZ,NZ-030,30,408
sgilliga,NZ,NZ-031,31,408
sgilliga,NZ,NZ-032,32,505
sgilliga,NZ,NZ-033,33,504
sgilliga,NZ,NZ-034,34,504
sgilliga,NZ,NZ-035,35,504
sgilliga,NZ,NZ-036,36,408
sgilliga,NZ,NZ-037,37,404
sgilliga,NZ,NZ-038,38,503
sgilliga,NZ,NZ-039,39,413
sgilliga,NZ,NZ-040,40,413
sgilliga,NZ,NZ-041,41,504
sgilliga,NZ,NZ-042,42,503
sgilliga,NZ,NZ-043,43,404
sgilliga,NZ,NZ-044,44,413
sgilliga,NZ,NZ-045,45,503
sgilliga,NZ,NZ-046,46,201
sgilliga,NZ,NZ-047,47,604
sgilliga,NZ,NZ-048,48,404
sgilliga,NZ,NZ-049,49,605
sgilliga,NZ,NZ-050,50,606
sgilliga,NZ,NZ-051,51,706
sgilliga,NZ,NZ-052,52,605
sgilliga,NZ,NZ-053,53,503
sgilliga,NZ,NZ-054,54,606
sgilliga,NZ,NZ-055,55,701
sgilliga,NZ,NZ-056,56,503
sgilliga,NZ,NZ-057,57,706
sgilliga,NZ,NZ-058,58,504
sgilliga,NZ,NZ-059,59,504
sgilliga,NZ,NZ-060,60,504
sgilliga,NZ,NZ-061,61,706
sgilliga,NZ,NZ-062,62,503
sgilliga,NZ,NZ-063,63,503
sgilliga,NZ,NZ-064,64,506
sgilliga,NZ,NZ-065,65,504
sgilliga,NZ,NZ-066,66,408
sgilliga,NZ,NZ-067,67,504
sgilliga,NZ,NZ-068,68,706
sgilliga,NZ,NZ-069,69,504
sgilliga,NZ,NZ-070,70,503
sgilliga,NZ,NZ-071,71,408
sgilliga,NZ,NZ-072,72,503
carroljm,NZ,NZ-001,1,414
carroljm,NZ,NZ-002,2,414
carroljm,NZ,NZ-003,3,303
carroljm,NZ,NZ-004,4,412
carroljm,NZ,NZ-005,5,412
carroljm,NZ,NZ-006,6,408
carroljm,NZ,NZ-007,7,404
carroljm,NZ,NZ-008,8,402
carroljm,NZ,NZ-009,9,402
carroljm,NZ,NZ-010,10,402
carroljm,NZ,NZ-011,11,402
carroljm,NZ,NZ-012,12,412
carroljm,NZ,NZ-013,13,408
carroljm,NZ,NZ-014,14,505
carroljm,NZ,NZ-015,15,408
carroljm,NZ,NZ-016,16,505
carroljm,NZ,NZ-017,17,505
carroljm,NZ,NZ-018,18,405
carroljm,NZ,NZ-019,19,408
carroljm,NZ,NZ-020,20,408
carroljm,NZ,NZ-021,21,408
carroljm,NZ,NZ-022,22,000
carroljm,NZ,NZ-023,23,408
carroljm,NZ,NZ-024,24,000
carroljm,NZ,NZ-025,25,504
carroljm,NZ,NZ-026,26,504
carroljm,NZ,NZ-027,27,504
carroljm,NZ,NZ-028,28,503
carroljm,NZ,NZ-029,29,408
carroljm,NZ,NZ-030,30,408
carroljm,NZ,NZ-031,31,408
carroljm,NZ,NZ-032,32,408
carroljm,NZ,NZ-033,33,303
carroljm,NZ,NZ-034,34,504
carroljm,NZ,NZ-035,35,503
carroljm,NZ,NZ-036,36,504
carroljm,NZ,NZ-037,37,504
carroljm,NZ,NZ-038,38,503
carroljm,NZ,NZ-039,39,503
carroljm,NZ,NZ-040,40,504
carroljm,NZ,NZ-041,41,504
carroljm,NZ,NZ-042,42,504
carroljm,NZ,NZ-043,43,503
carroljm,NZ,NZ-044,44,303
carroljm,NZ,NZ-045,45,503
carroljm,NZ,NZ-046,46,706
carroljm,NZ,NZ-047,47,706
carroljm,NZ,NZ-048,48,706
carroljm,NZ,NZ-049,49,503
carroljm,NZ,NZ-050,50,503
carroljm,NZ,NZ-051,51,503
carroljm,NZ,NZ-052,52,605
carroljm,NZ,NZ-053,53,503
carroljm,NZ,NZ-054,54,303
carroljm,NZ,NZ-055,55,605
carroljm,NZ,NZ-056,56,503
carroljm,NZ,NZ-057,57,603
carroljm,NZ,NZ-058,58,503
carroljm,NZ,NZ-059,59,503
carroljm,NZ,NZ-060,60,504
carroljm,NZ,NZ-061,61,706
carroljm,NZ,NZ-062,62,503
carroljm,NZ,NZ-063,63,503
carroljm,NZ,NZ-064,64,506
carroljm,NZ,NZ-065,65,705
carroljm,NZ,NZ-066,66,504
carroljm,NZ,NZ-067,67,506
carroljm,NZ,NZ-068,68,506
carroljm,NZ,NZ-069,69,504
carroljm,NZ,NZ-070,70,503
carroljm,NZ,NZ-071,71,503
carroljm,NZ,NZ-072,72,706
macgiols,NZ,NZ-001,1,414
macgiols,NZ,NZ-002,2,414
macgiols,NZ,NZ-003,3,414
macgiols,NZ,NZ-004,4,414
macgiols,NZ,NZ-005,5,414
macgiols,NZ,NZ-006,6,408
macgiols,NZ,NZ-007,7,408
macgiols,NZ,NZ-008,8,402
macgiols,NZ,NZ-009,9,414
macgiols,NZ,NZ-010,10,414
macgiols,NZ,NZ-011,11,414
macgiols,NZ,NZ-012,12,414
macgiols,NZ,NZ-013,13,414
macgiols,NZ,NZ-014,14,410
macgiols,NZ,NZ-015,15,410
macgiols,NZ,NZ-016,16,410
macgiols,NZ,NZ-017,17,702
macgiols,NZ,NZ-018,18,405
macgiols,NZ,NZ-019,19,405
macgiols,NZ,NZ-020,20,408
macgiols,NZ,NZ-021,21,414
macgiols,NZ,NZ-022,22,504
macgiols,NZ,NZ-023,23,504
macgiols,NZ,NZ-024,24,504
macgiols,NZ,NZ-025,25,706
macgiols,NZ,NZ-026,26,706
macgiols,NZ,NZ-027,27,706
macgiols,NZ,NZ-028,28,504
macgiols,NZ,NZ-029,29,504
macgiols,NZ,NZ-030,30,504
macgiols,NZ,NZ-031,31,504
macgiols,NZ,NZ-032,32,504
macgiols,NZ,NZ-033,33,504
macgiols,NZ,NZ-034,34,504
macgiols,NZ,NZ-035,35,504
macgiols,NZ,NZ-036,36,504
macgiols,NZ,NZ-037,37,504
macgiols,NZ,NZ-038,38,504
macgiols,NZ,NZ-039,39,504
macgiols,NZ,NZ-040,40,504
macgiols,NZ,NZ-041,41,504
macgiols,NZ,NZ-042,42,504
macgiols,NZ,NZ-043,43,504
macgiols,NZ,NZ-044,44,504
macgiols,NZ,NZ-045,45,504
macgiols,NZ,NZ-046,46,503
macgiols,NZ,NZ-047,47,503
macgiols,NZ,NZ-048,48,503
macgiols,NZ,NZ-049,49,503
macgiols,NZ,NZ-050,50,503
macgiols,NZ,NZ-051,51,605
macgiols,NZ,NZ-052,52,605
macgiols,NZ,NZ-053,53,202
macgiols,NZ,NZ-054,54,202
macgiols,NZ,NZ-055,55,503
macgiols,NZ,NZ-056,56,503
macgiols,NZ,NZ-057,57,706
macgiols,NZ,NZ-058,58,706
macgiols,NZ,NZ-059,59,411
macgiols,NZ,NZ-060,60,706
macgiols,NZ,NZ-061,61,706
macgiols,NZ,NZ-062,62,503
macgiols,NZ,NZ-063,63,503
macgiols,NZ,NZ-064,64,506
macgiols,NZ,NZ-065,65,506
macgiols,NZ,NZ-066,66,504
macgiols,NZ,NZ-067,67,411
macgiols,NZ,NZ-068,68,706
macgiols,NZ,NZ-069,69,706
macgiols,NZ,NZ-070,70,503
macgiols,NZ,NZ-071,71,603
macgiols,NZ,NZ-072,72,503
corleymi,NZ,NZ-001,1,000
corleymi,NZ,NZ-002,2,305
corleymi,NZ,NZ-003,3,305
corleymi,NZ,NZ-004,4,305
corleymi,NZ,NZ-005,5,305
corleymi,NZ,NZ-006,6,404
corleymi,NZ,NZ-007,7,404
corleymi,NZ,NZ-008,8,402
corleymi,NZ,NZ-009,9,402
corleymi,NZ,NZ-010,10,402
corleymi,NZ,NZ-011,11,402
corleymi,NZ,NZ-012,12,408
corleymi,NZ,NZ-013,13,408
corleymi,NZ,NZ-014,14,410
corleymi,NZ,NZ-015,15,408
corleymi,NZ,NZ-016,16,408
corleymi,NZ,NZ-017,17,404
corleymi,NZ,NZ-018,18,405
corleymi,NZ,NZ-019,19,405
corleymi,NZ,NZ-020,20,412
corleymi,NZ,NZ-021,21,412
corleymi,NZ,NZ-022,22,305
corleymi,NZ,NZ-023,23,305
corleymi,NZ,NZ-024,24,305
corleymi,NZ,NZ-025,25,504
corleymi,NZ,NZ-026,26,504
corleymi,NZ,NZ-027,27,504
corleymi,NZ,NZ-028,28,504
corleymi,NZ,NZ-029,29,504
corleymi,NZ,NZ-030,30,504
corleymi,NZ,NZ-031,31,504
corleymi,NZ,NZ-032,32,504
corleymi,NZ,NZ-033,33,504
corleymi,NZ,NZ-034,34,504
corleymi,NZ,NZ-035,35,504
corleymi,NZ,NZ-036,36,504
corleymi,NZ,NZ-037,37,504
corleymi,NZ,NZ-038,38,504
corleymi,NZ,NZ-039,39,504
corleymi,NZ,NZ-040,40,504
corleymi,NZ,NZ-041,41,504
corleymi,NZ,NZ-042,42,504
corleymi,NZ,NZ-043,43,504
corleymi,NZ,NZ-044,44,305
corleymi,NZ,NZ-045,45,305
corleymi,NZ,NZ-046,46,000
corleymi,NZ,NZ-047,47,000
corleymi,NZ,NZ-048,48,305
corleymi,NZ,NZ-049,49,503
corleymi,NZ,NZ-050,50,503
corleymi,NZ,NZ-051,51,503
corleymi,NZ,NZ-052,52,503
corleymi,NZ,NZ-053,53,503
corleymi,NZ,NZ-054,54,503
corleymi,NZ,NZ-055,55,503
corleymi,NZ,NZ-056,56,503
corleymi,NZ,NZ-057,57,503
corleymi,NZ,NZ-058,58,503
corleymi,NZ,NZ-059,59,411
corleymi,NZ,NZ-060,60,503
corleymi,NZ,NZ-061,61,503
corleymi,NZ,NZ-062,62,503
corleymi,NZ,NZ-063,63,503
corleymi,NZ,NZ-064,64,506
corleymi,NZ,NZ-065,65,506
corleymi,NZ,NZ-066,66,506
corleymi,NZ,NZ-067,67,411
corleymi,NZ,NZ-068,68,503
corleymi,NZ,NZ-069,69,503
corleymi,NZ,NZ-070,70,503
corleymi,NZ,NZ-071,71,503
corleymi,NZ,NZ-072,72,503
mcnamaco,NZ,NZ-001,1,000
mcnamaco,NZ,NZ-002,2,702
mcnamaco,NZ,NZ-003,3,000
mcnamaco,NZ,NZ-004,4,000
mcnamaco,NZ,NZ-005,5,000
mcnamaco,NZ,NZ-006,6,408
mcnamaco,NZ,NZ-007,7,404
mcnamaco,NZ,NZ-008,8,402
mcnamaco,NZ,NZ-009,9,402
mcnamaco,NZ,NZ-010,10,403
mcnamaco,NZ,NZ-011,11,403
mcnamaco,NZ,NZ-012,12,408
mcnamaco,NZ,NZ-013,13,408
mcnamaco,NZ,NZ-014,14,000
mcnamaco,NZ,NZ-015,15,504
mcnamaco,NZ,NZ-016,16,701
mcnamaco,NZ,NZ-017,17,410
mcnamaco,NZ,NZ-018,18,303
mcnamaco,NZ,NZ-019,19,411
mcnamaco,NZ,NZ-020,20,413
mcnamaco,NZ,NZ-021,21,000
mcnamaco,NZ,NZ-022,22,000
mcnamaco,NZ,NZ-023,23,601
mcnamaco,NZ,NZ-024,24,000
mcnamaco,NZ,NZ-025,25,504
mcnamaco,NZ,NZ-026,26,000
mcnamaco,NZ,NZ-027,27,706
mcnamaco,NZ,NZ-028,28,000
mcnamaco,NZ,NZ-029,29,000
mcnamaco,NZ,NZ-030,30,000
mcnamaco,NZ,NZ-031,31,000
mcnamaco,NZ,NZ-032,32,000
mcnamaco,NZ,NZ-033,33,302
mcnamaco,NZ,NZ-034,34,706
mcnamaco,NZ,NZ-035,35,000
mcnamaco,NZ,NZ-036,36,000
mcnamaco,NZ,NZ-037,37,706
mcnamaco,NZ,NZ-038,38,601
mcnamaco,NZ,NZ-039,39,601
mcnamaco,NZ,NZ-040,40,412
mcnamaco,NZ,NZ-041,41,000
mcnamaco,NZ,NZ-042,42,706
mcnamaco,NZ,NZ-043,43,704
mcnamaco,NZ,NZ-044,44,000
mcnamaco,NZ,NZ-045,45,706
mcnamaco,NZ,NZ-046,46,000
mcnamaco,NZ,NZ-047,47,000
mcnamaco,NZ,NZ-048,48,000
mcnamaco,NZ,NZ-049,49,706
mcnamaco,NZ,NZ-050,50,706
mcnamaco,NZ,NZ-051,51,706
mcnamaco,NZ,NZ-052,52,503
mcnamaco,NZ,NZ-053,53,605
mcnamaco,NZ,NZ-054,54,706
mcnamaco,NZ,NZ-055,55,503
mcnamaco,NZ,NZ-056,56,605
mcnamaco,NZ,NZ-057,57,402
mcnamaco,NZ,NZ-058,58,706
mcnamaco,NZ,NZ-059,59,506
mcnamaco,NZ,NZ-060,60,504
mcnamaco,NZ,NZ-061,61,706
mcnamaco,NZ,NZ-062,62,503
mcnamaco,NZ,NZ-063,63,503
mcnamaco,NZ,NZ-064,64,506
mcnamaco,NZ,NZ-065,65,503
mcnamaco,NZ,NZ-066,66,504
mcnamaco,NZ,NZ-067,67,506
mcnamaco,NZ,NZ-068,68,706
mcnamaco,NZ,NZ-069,69,706
mcnamaco,NZ,NZ-070,70,503
mcnamaco,NZ,NZ-071,71,504
mcnamaco,NZ,NZ-072,72,706
farrelsk,NZ,NZ-001,1,414
farrelsk,NZ,NZ-002,2,414
farrelsk,NZ,NZ-003,3,403
farrelsk,NZ,NZ-004,4,416
farrelsk,NZ,NZ-005,5,416
farrelsk,NZ,NZ-006,6,408
farrelsk,NZ,NZ-007,7,408
farrelsk,NZ,NZ-008,8,402
farrelsk,NZ,NZ-009,9,402
farrelsk,NZ,NZ-010,10,404
farrelsk,NZ,NZ-011,11,404
farrelsk,NZ,NZ-012,12,408
farrelsk,NZ,NZ-013,13,408
farrelsk,NZ,NZ-014,14,410
farrelsk,NZ,NZ-015,15,410
farrelsk,NZ,NZ-016,16,701
farrelsk,NZ,NZ-017,17,410
farrelsk,NZ,NZ-018,18,414
farrelsk,NZ,NZ-019,19,410
farrelsk,NZ,NZ-020,20,414
farrelsk,NZ,NZ-021,21,414
farrelsk,NZ,NZ-022,22,202
farrelsk,NZ,NZ-023,23,706
farrelsk,NZ,NZ-024,24,706
farrelsk,NZ,NZ-025,25,706
farrelsk,NZ,NZ-026,26,706
farrelsk,NZ,NZ-027,27,706
farrelsk,NZ,NZ-028,28,404
farrelsk,NZ,NZ-029,29,404
farrelsk,NZ,NZ-030,30,404
farrelsk,NZ,NZ-031,31,404
farrelsk,NZ,NZ-032,32,404
farrelsk,NZ,NZ-033,33,504
farrelsk,NZ,NZ-034,34,706
farrelsk,NZ,NZ-035,35,414
farrelsk,NZ,NZ-036,36,706
farrelsk,NZ,NZ-037,37,706
farrelsk,NZ,NZ-038,38,706
farrelsk,NZ,NZ-039,39,706
farrelsk,NZ,NZ-040,40,414
farrelsk,NZ,NZ-041,41,706
farrelsk,NZ,NZ-042,42,706
farrelsk,NZ,NZ-043,43,706
farrelsk,NZ,NZ-044,44,706
farrelsk,NZ,NZ-045,45,706
farrelsk,NZ,NZ-046,46,503
farrelsk,NZ,NZ-047,47,000
farrelsk,NZ,NZ-048,48,503
farrelsk,NZ,NZ-049,49,503
farrelsk,NZ,NZ-050,50,503
farrelsk,NZ,NZ-051,51,503
farrelsk,NZ,NZ-052,52,503
farrelsk,NZ,NZ-053,53,503
farrelsk,NZ,NZ-054,54,503
farrelsk,NZ,NZ-055,55,410
farrelsk,NZ,NZ-056,56,410
farrelsk,NZ,NZ-057,57,410
farrelsk,NZ,NZ-058,58,410
farrelsk,NZ,NZ-059,59,410
farrelsk,NZ,NZ-060,60,503
farrelsk,NZ,NZ-061,61,503
farrelsk,NZ,NZ-062,62,605
farrelsk,NZ,NZ-063,63,410
farrelsk,NZ,NZ-064,64,506
farrelsk,NZ,NZ-065,65,504
farrelsk,NZ,NZ-066,66,504
farrelsk,NZ,NZ-067,67,506
farrelsk,NZ,NZ-068,68,506
farrelsk,NZ,NZ-069,69,503
farrelsk,NZ,NZ-070,70,503
farrelsk,NZ,NZ-071,71,704
farrelsk,NZ,NZ-072,72,503
kaczmara,NZ,NZ-001,1,408
kaczmara,NZ,NZ-002,2,401
kaczmara,NZ,NZ-003,3,404
kaczmara,NZ,NZ-004,4,404
kaczmara,NZ,NZ-005,5,000
kaczmara,NZ,NZ-006,6,303
kaczmara,NZ,NZ-007,7,408
kaczmara,NZ,NZ-008,8,402
kaczmara,NZ,NZ-009,9,404
kaczmara,NZ,NZ-010,10,406
kaczmara,NZ,NZ-011,11,406
kaczmara,NZ,NZ-012,12,414
kaczmara,NZ,NZ-013,13,410
kaczmara,NZ,NZ-014,14,702
kaczmara,NZ,NZ-015,15,701
kaczmara,NZ,NZ-016,16,701
kaczmara,NZ,NZ-017,17,702
kaczmara,NZ,NZ-018,18,301
kaczmara,NZ,NZ-019,19,402
kaczmara,NZ,NZ-020,20,404
kaczmara,NZ,NZ-021,21,408
kaczmara,NZ,NZ-022,22,504
kaczmara,NZ,NZ-023,23,606
kaczmara,NZ,NZ-024,24,000
kaczmara,NZ,NZ-025,25,504
kaczmara,NZ,NZ-026,26,504
kaczmara,NZ,NZ-027,27,504
kaczmara,NZ,NZ-028,28,408
kaczmara,NZ,NZ-029,29,408
kaczmara,NZ,NZ-030,30,408
kaczmara,NZ,NZ-031,31,408
kaczmara,NZ,NZ-032,32,504
kaczmara,NZ,NZ-033,33,504
kaczmara,NZ,NZ-034,34,504
kaczmara,NZ,NZ-035,35,504
kaczmara,NZ,NZ-036,36,504
kaczmara,NZ,NZ-037,37,504
kaczmara,NZ,NZ-038,38,504
kaczmara,NZ,NZ-039,39,503
kaczmara,NZ,NZ-040,40,409
kaczmara,NZ,NZ-041,41,504
kaczmara,NZ,NZ-042,42,704
kaczmara,NZ,NZ-043,43,503
kaczmara,NZ,NZ-044,44,303
kaczmara,NZ,NZ-045,45,503
kaczmara,NZ,NZ-046,46,706
kaczmara,NZ,NZ-047,47,000
kaczmara,NZ,NZ-048,48,408
kaczmara,NZ,NZ-049,49,404
kaczmara,NZ,NZ-050,50,606
kaczmara,NZ,NZ-051,51,706
kaczmara,NZ,NZ-052,52,606
kaczmara,NZ,NZ-053,53,706
kaczmara,NZ,NZ-054,54,606
kaczmara,NZ,NZ-055,55,606
kaczmara,NZ,NZ-056,56,701
kaczmara,NZ,NZ-057,57,701
kaczmara,NZ,NZ-058,58,706
kaczmara,NZ,NZ-059,59,701
kaczmara,NZ,NZ-060,60,701
kaczmara,NZ,NZ-061,61,706
kaczmara,NZ,NZ-062,62,706
kaczmara,NZ,NZ-063,63,503
kaczmara,NZ,NZ-064,64,506
kaczmara,NZ,NZ-065,65,504
kaczmara,NZ,NZ-066,66,408
kaczmara,NZ,NZ-067,67,701
kaczmara,NZ,NZ-068,68,506
kaczmara,NZ,NZ-069,69,504
kaczmara,NZ,NZ-070,70,606
kaczmara,NZ,NZ-071,71,701
kaczmara,NZ,NZ-072,72,503
mrwillia,NZ,NZ-001,1,404
mrwillia,NZ,NZ-002,2,000
mrwillia,NZ,NZ-003,3,000
mrwillia,NZ,NZ-004,4,000
mrwillia,NZ,NZ-005,5,000
mrwillia,NZ,NZ-006,6,404
mrwillia,NZ,NZ-007,7,408
mrwillia,NZ,NZ-008,8,402
mrwillia,NZ,NZ-009,9,402
mrwillia,NZ,NZ-010,10,402
mrwillia,NZ,NZ-011,11,406
mrwillia,NZ,NZ-012,12,000
mrwillia,NZ,NZ-013,13,403
mrwillia,NZ,NZ-014,14,409
mrwillia,NZ,NZ-015,15,410
mrwillia,NZ,NZ-016,16,503
mrwillia,NZ,NZ-017,17,407
mrwillia,NZ,NZ-018,18,701
mrwillia,NZ,NZ-019,19,606
mrwillia,NZ,NZ-020,20,404
mrwillia,NZ,NZ-021,21,000
mrwillia,NZ,NZ-022,22,000
mrwillia,NZ,NZ-023,23,503
mrwillia,NZ,NZ-024,24,000
mrwillia,NZ,NZ-025,25,504
mrwillia,NZ,NZ-026,26,504
mrwillia,NZ,NZ-027,27,504
mrwillia,NZ,NZ-028,28,000
mrwillia,NZ,NZ-029,29,504
mrwillia,NZ,NZ-030,30,505
mrwillia,NZ,NZ-031,31,505
mrwillia,NZ,NZ-032,32,000
mrwillia,NZ,NZ-033,33,000
mrwillia,NZ,NZ-034,34,504
mrwillia,NZ,NZ-035,35,503
mrwillia,NZ,NZ-036,36,505
mrwillia,NZ,NZ-037,37,504
mrwillia,NZ,NZ-038,38,504
mrwillia,NZ,NZ-039,39,412
mrwillia,NZ,NZ-040,40,401
mrwillia,NZ,NZ-041,41,000
mrwillia,NZ,NZ-042,42,503
mrwillia,NZ,NZ-043,43,000
mrwillia,NZ,NZ-044,44,000
mrwillia,NZ,NZ-045,45,503
mrwillia,NZ,NZ-046,46,601
mrwillia,NZ,NZ-047,47,604
mrwillia,NZ,NZ-048,48,000
mrwillia,NZ,NZ-049,49,503
mrwillia,NZ,NZ-050,50,605
mrwillia,NZ,NZ-051,51,201
mrwillia,NZ,NZ-052,52,705
mrwillia,NZ,NZ-053,53,705
mrwillia,NZ,NZ-054,54,503
mrwillia,NZ,NZ-055,55,201
mrwillia,NZ,NZ-056,56,201
mrwillia,NZ,NZ-057,57,402
mrwillia,NZ,NZ-058,58,503
mrwillia,NZ,NZ-059,59,506
mrwillia,NZ,NZ-060,60,503
mrwillia,NZ,NZ-061,61,606
mrwillia,NZ,NZ-062,62,602
mrwillia,NZ,NZ-063,63,503
mrwillia,NZ,NZ-064,64,506
mrwillia,NZ,NZ-065,65,705
mrwillia,NZ,NZ-066,66,705
mrwillia,NZ,NZ-067,67,506
mrwillia,NZ,NZ-068,68,506
mrwillia,NZ,NZ-069,69,504
mrwillia,NZ,NZ-070,70,503
mrwillia,NZ,NZ-071,71,402
mrwillia,NZ,NZ-072,72,606
brettj,NZ,NZ-001,1,414
brettj,NZ,NZ-002,2,305
brettj,NZ,NZ-003,3,414
brettj,NZ,NZ-004,4,414
brettj,NZ,NZ-005,5,414
brettj,NZ,NZ-006,6,408
brettj,NZ,NZ-007,7,408
brettj,NZ,NZ-008,8,402
brettj,NZ,NZ-009,9,414
brettj,NZ,NZ-010,10,408
brettj,NZ,NZ-011,11,402
brettj,NZ,NZ-012,12,414
brettj,NZ,NZ-013,13,408
brettj,NZ,NZ-014,14,410
brettj,NZ,NZ-015,15,410
brettj,NZ,NZ-016,16,701
brettj,NZ,NZ-017,17,408
brettj,NZ,NZ-018,18,405
brettj,NZ,NZ-019,19,701
brettj,NZ,NZ-020,20,408
brettj,NZ,NZ-021,21,414
brettj,NZ,NZ-022,22,305
brettj,NZ,NZ-023,23,503
brettj,NZ,NZ-024,24,000
brettj,NZ,NZ-025,25,504
brettj,NZ,NZ-026,26,504
brettj,NZ,NZ-027,27,503
brettj,NZ,NZ-028,28,408
brettj,NZ,NZ-029,29,408
brettj,NZ,NZ-030,30,408
brettj,NZ,NZ-031,31,408
brettj,NZ,NZ-032,32,504
brettj,NZ,NZ-033,33,504
brettj,NZ,NZ-034,34,504
brettj,NZ,NZ-035,35,503
brettj,NZ,NZ-036,36,408
brettj,NZ,NZ-037,37,504
brettj,NZ,NZ-038,38,504
brettj,NZ,NZ-039,39,503
brettj,NZ,NZ-040,40,504
brettj,NZ,NZ-041,41,408
brettj,NZ,NZ-042,42,503
brettj,NZ,NZ-043,43,503
brettj,NZ,NZ-044,44,305
brettj,NZ,NZ-045,45,706
brettj,NZ,NZ-046,46,706
brettj,NZ,NZ-047,47,305
brettj,NZ,NZ-048,48,305
brettj,NZ,NZ-049,49,706
brettj,NZ,NZ-050,50,503
brettj,NZ,NZ-051,51,706
brettj,NZ,NZ-052,52,503
brettj,NZ,NZ-053,53,706
brettj,NZ,NZ-054,54,706
brettj,NZ,NZ-055,55,305
brettj,NZ,NZ-056,56,503
brettj,NZ,NZ-057,57,706
brettj,NZ,NZ-058,58,706
brettj,NZ,NZ-059,59,506
brettj,NZ,NZ-060,60,706
brettj,NZ,NZ-061,61,706
brettj,NZ,NZ-062,62,706
brettj,NZ,NZ-063,63,706
brettj,NZ,NZ-064,64,506
brettj,NZ,NZ-065,65,606
brettj,NZ,NZ-066,66,504
brettj,NZ,NZ-067,67,506
brettj,NZ,NZ-068,68,706
brettj,NZ,NZ-069,69,706
brettj,NZ,NZ-070,70,503
brettj,NZ,NZ-071,71,706
brettj,NZ,NZ-072,72,706
haupt.19,NZ,NZ-001,1,410
haupt.19,NZ,NZ-002,2,305
haupt.19,NZ,NZ-003,3,410
haupt.19,NZ,NZ-004,4,414
haupt.19,NZ,NZ-005,5,414
haupt.19,NZ,NZ-006,6,305
haupt.19,NZ,NZ-007,7,305
haupt.19,NZ,NZ-008,8,402
haupt.19,NZ,NZ-009,9,414
haupt.19,NZ,NZ-010,10,414
haupt.19,NZ,NZ-011,11,402
haupt.19,NZ,NZ-012,12,414
haupt.19,NZ,NZ-013,13,408
haupt.19,NZ,NZ-014,14,410
haupt.19,NZ,NZ-015,15,408
haupt.19,NZ,NZ-016,16,701
haupt.19,NZ,NZ-017,17,701
haupt.19,NZ,NZ-018,18,404
haupt.19,NZ,NZ-019,19,410
haupt.19,NZ,NZ-020,20,410
haupt.19,NZ,NZ-021,21,408
haupt.19,NZ,NZ-022,22,000
haupt.19,NZ,NZ-023,23,408
haupt.19,NZ,NZ-024,24,000
haupt.19,NZ,NZ-025,25,504
haupt.19,NZ,NZ-026,26,000
haupt.19,NZ,NZ-027,27,504
haupt.19,NZ,NZ-028,28,000
haupt.19,NZ,NZ-029,29,504
haupt.19,NZ,NZ-030,30,504
haupt.19,NZ,NZ-031,31,504
haupt.19,NZ,NZ-032,32,000
haupt.19,NZ,NZ-033,33,000
haupt.19,NZ,NZ-034,34,504
haupt.19,NZ,NZ-035,35,504
haupt.19,NZ,NZ-036,36,504
haupt.19,NZ,NZ-037,37,504
haupt.19,NZ,NZ-038,38,504
haupt.19,NZ,NZ-039,39,503
haupt.19,NZ,NZ-040,40,503
haupt.19,NZ,NZ-041,41,504
haupt.19,NZ,NZ-042,42,504
haupt.19,NZ,NZ-043,43,504
haupt.19,NZ,NZ-044,44,305
haupt.19,NZ,NZ-045,45,305
haupt.19,NZ,NZ-046,46,706
haupt.19,NZ,NZ-047,47,305
haupt.19,NZ,NZ-048,48,305
haupt.19,NZ,NZ-049,49,503
haupt.19,NZ,NZ-050,50,503
haupt.19,NZ,NZ-051,51,503
haupt.19,NZ,NZ-052,52,503
haupt.19,NZ,NZ-053,53,503
haupt.19,NZ,NZ-054,54,503
haupt.19,NZ,NZ-055,55,503
haupt.19,NZ,NZ-056,56,503
haupt.19,NZ,NZ-057,57,706
haupt.19,NZ,NZ-058,58,706
haupt.19,NZ,NZ-059,59,706
haupt.19,NZ,NZ-060,60,706
haupt.19,NZ,NZ-061,61,706
haupt.19,NZ,NZ-062,62,503
haupt.19,NZ,NZ-063,63,503
haupt.19,NZ,NZ-064,64,506
haupt.19,NZ,NZ-065,65,506
haupt.19,NZ,NZ-066,66,506
haupt.19,NZ,NZ-067,67,506
haupt.19,NZ,NZ-068,68,706
haupt.19,NZ,NZ-069,69,706
haupt.19,NZ,NZ-070,70,503
haupt.19,NZ,NZ-071,71,706
haupt.19,NZ,NZ-072,72,503
